ISO-10303-21;
HEADER;
FILE_DESCRIPTION(('Open CASCADE Model'),'2;1');
FILE_NAME('Open CASCADE Shape Model','2026-09-17T22:23:09',('Author'),(
    'Open CASCADE'),'Open CASCADE STEP processor 7.9','Open CASCADE 7.9'
  ,'Unknown');
FILE_SCHEMA(('AUTOMOTIVE_DESIGN { 1 0 10303 214 1 1 1 1 }'));
ENDSEC;
DATA;
#1 = APPLICATION_PROTOCOL_DEFINITION('international standard',
  'automotive_design',2000,#2);
#2 = APPLICATION_CONTEXT(
  'core data for automotive mechanical design processes');
#3 = SHAPE_DEFINITION_REPRESENTATION(#4,#10);
#4 = PRODUCT_DEFINITION_SHAPE('','',#5);
#5 = PRODUCT_DEFINITION('design','',#6,#9);
#6 = PRODUCT_DEFINITION_FORMATION('','',#7);
#7 = PRODUCT('Open CASCADE STEP translator 7.9 55',
  'Open CASCADE STEP translator 7.9 55','',(#8));
#8 = PRODUCT_CONTEXT('',#2,'mechanical');
#9 = PRODUCT_DEFINITION_CONTEXT('part definition',#2,'design');
#10 = SHAPE_REPRESENTATION('',(#11,#15,#19,#23,#27),#31);
#11 = AXIS2_PLACEMENT_3D('',#12,#13,#14);
#12 = CARTESIAN_POINT('',(0.,0.,0.));
#13 = DIRECTION('',(0.,0.,1.));
#14 = DIRECTION('',(1.,0.,-0.));
#15 = AXIS2_PLACEMENT_3D('',#16,#17,#18);
#16 = CARTESIAN_POINT('',(0.,0.,0.));
#17 = DIRECTION('',(0.,0.,1.));
#18 = DIRECTION('',(1.,0.,-0.));
#19 = AXIS2_PLACEMENT_3D('',#20,#21,#22);
#20 = CARTESIAN_POINT('',(0.,0.,0.));
#21 = DIRECTION('',(0.,0.,1.));
#22 = DIRECTION('',(1.,0.,-0.));
#23 = AXIS2_PLACEMENT_3D('',#24,#25,#26);
#24 = CARTESIAN_POINT('',(0.,0.,0.));
#25 = DIRECTION('',(0.,0.,1.));
#26 = DIRECTION('',(1.,0.,-0.));
#27 = AXIS2_PLACEMENT_3D('',#28,#29,#30);
#28 = CARTESIAN_POINT('',(0.,0.,0.));
#29 = DIRECTION('',(0.,0.,1.));
#30 = DIRECTION('',(1.,0.,-0.));
#31 = ( GEOMETRIC_REPRESENTATION_CONTEXT(3) 
GLOBAL_UNCERTAINTY_ASSIGNED_CONTEXT((#35)) GLOBAL_UNIT_ASSIGNED_CONTEXT(
(#32,#33,#34)) REPRESENTATION_CONTEXT('Context #1',
  '3D Context with UNIT and UNCERTAINTY') );
#32 = ( LENGTH_UNIT() NAMED_UNIT(*) SI_UNIT(.MILLI.,.METRE.) );
#33 = ( NAMED_UNIT(*) PLANE_ANGLE_UNIT() SI_UNIT($,.RADIAN.) );
#34 = ( NAMED_UNIT(*) SI_UNIT($,.STERADIAN.) SOLID_ANGLE_UNIT() );
#35 = UNCERTAINTY_MEASURE_WITH_UNIT(LENGTH_MEASURE(1.E-07),#32,
  'distance_accuracy_value','confusion accuracy');
#36 = PRODUCT_RELATED_PRODUCT_CATEGORY('part',$,(#7));
#37 = SHAPE_DEFINITION_REPRESENTATION(#38,#44);
#38 = PRODUCT_DEFINITION_SHAPE('','',#39);
#39 = PRODUCT_DEFINITION('design','',#40,#43);
#40 = PRODUCT_DEFINITION_FORMATION('','',#41);
#41 = PRODUCT('Open CASCADE STEP translator 7.9 55.1',
  'Open CASCADE STEP translator 7.9 55.1','',(#42));
#42 = PRODUCT_CONTEXT('',#2,'mechanical');
#43 = PRODUCT_DEFINITION_CONTEXT('part definition',#2,'design');
#44 = ADVANCED_BREP_SHAPE_REPRESENTATION('',(#11,#45),#807);
#45 = MANIFOLD_SOLID_BREP('',#46);
#46 = CLOSED_SHELL('',(#47,#607,#680,#706,#713,#749,#799));
#47 = ADVANCED_FACE('',(#48),#63,.T.);
#48 = FACE_BOUND('',#49,.T.);
#49 = EDGE_LOOP('',(#50,#86,#109,#138,#311,#562,#584,#585));
#50 = ORIENTED_EDGE('',*,*,#51,.T.);
#51 = EDGE_CURVE('',#52,#54,#56,.T.);
#52 = VERTEX_POINT('',#53);
#53 = CARTESIAN_POINT('',(3.061616997868E-16,34.,-2.));
#54 = VERTEX_POINT('',#55);
#55 = CARTESIAN_POINT('',(5.,29.,-2.));
#56 = SURFACE_CURVE('',#57,(#62,#74),.PCURVE_S1.);
#57 = CIRCLE('',#58,5.);
#58 = AXIS2_PLACEMENT_3D('',#59,#60,#61);
#59 = CARTESIAN_POINT('',(0.,29.,-2.));
#60 = DIRECTION('',(0.,0.,1.));
#61 = DIRECTION('',(1.,0.,0.));
#62 = PCURVE('',#63,#68);
#63 = CYLINDRICAL_SURFACE('',#64,5.);
#64 = AXIS2_PLACEMENT_3D('',#65,#66,#67);
#65 = CARTESIAN_POINT('',(0.,29.,-2.));
#66 = DIRECTION('',(0.,0.,1.));
#67 = DIRECTION('',(1.,0.,0.));
#68 = DEFINITIONAL_REPRESENTATION('',(#69),#73);
#69 = LINE('',#70,#71);
#70 = CARTESIAN_POINT('',(0.,0.));
#71 = VECTOR('',#72,1.);
#72 = DIRECTION('',(1.,0.));
#73 = ( GEOMETRIC_REPRESENTATION_CONTEXT(2) 
PARAMETRIC_REPRESENTATION_CONTEXT() REPRESENTATION_CONTEXT('2D SPACE',''
  ) );
#74 = PCURVE('',#75,#80);
#75 = PLANE('',#76);
#76 = AXIS2_PLACEMENT_3D('',#77,#78,#79);
#77 = CARTESIAN_POINT('',(0.,29.,-2.));
#78 = DIRECTION('',(0.,0.,1.));
#79 = DIRECTION('',(1.,0.,0.));
#80 = DEFINITIONAL_REPRESENTATION('',(#81),#85);
#81 = CIRCLE('',#82,5.);
#82 = AXIS2_PLACEMENT_2D('',#83,#84);
#83 = CARTESIAN_POINT('',(0.,0.));
#84 = DIRECTION('',(1.,0.));
#85 = ( GEOMETRIC_REPRESENTATION_CONTEXT(2) 
PARAMETRIC_REPRESENTATION_CONTEXT() REPRESENTATION_CONTEXT('2D SPACE',''
  ) );
#86 = ORIENTED_EDGE('',*,*,#87,.T.);
#87 = EDGE_CURVE('',#54,#88,#90,.T.);
#88 = VERTEX_POINT('',#89);
#89 = CARTESIAN_POINT('',(5.,29.,2.));
#90 = SEAM_CURVE('',#91,(#95,#102),.PCURVE_S1.);
#91 = LINE('',#92,#93);
#92 = CARTESIAN_POINT('',(5.,29.,-2.));
#93 = VECTOR('',#94,1.);
#94 = DIRECTION('',(0.,0.,1.));
#95 = PCURVE('',#63,#96);
#96 = DEFINITIONAL_REPRESENTATION('',(#97),#101);
#97 = LINE('',#98,#99);
#98 = CARTESIAN_POINT('',(6.28318530718,-0.));
#99 = VECTOR('',#100,1.);
#100 = DIRECTION('',(0.,1.));
#101 = ( GEOMETRIC_REPRESENTATION_CONTEXT(2) 
PARAMETRIC_REPRESENTATION_CONTEXT() REPRESENTATION_CONTEXT('2D SPACE',''
  ) );
#102 = PCURVE('',#63,#103);
#103 = DEFINITIONAL_REPRESENTATION('',(#104),#108);
#104 = LINE('',#105,#106);
#105 = CARTESIAN_POINT('',(0.,-0.));
#106 = VECTOR('',#107,1.);
#107 = DIRECTION('',(0.,1.));
#108 = ( GEOMETRIC_REPRESENTATION_CONTEXT(2) 
PARAMETRIC_REPRESENTATION_CONTEXT() REPRESENTATION_CONTEXT('2D SPACE',''
  ) );
#109 = ORIENTED_EDGE('',*,*,#110,.F.);
#110 = EDGE_CURVE('',#111,#88,#113,.T.);
#111 = VERTEX_POINT('',#112);
#112 = CARTESIAN_POINT('',(3.061616997868E-16,34.,2.));
#113 = SURFACE_CURVE('',#114,(#119,#126),.PCURVE_S1.);
#114 = CIRCLE('',#115,5.);
#115 = AXIS2_PLACEMENT_3D('',#116,#117,#118);
#116 = CARTESIAN_POINT('',(0.,29.,2.));
#117 = DIRECTION('',(0.,0.,1.));
#118 = DIRECTION('',(1.,0.,0.));
#119 = PCURVE('',#63,#120);
#120 = DEFINITIONAL_REPRESENTATION('',(#121),#125);
#121 = LINE('',#122,#123);
#122 = CARTESIAN_POINT('',(0.,4.));
#123 = VECTOR('',#124,1.);
#124 = DIRECTION('',(1.,0.));
#125 = ( GEOMETRIC_REPRESENTATION_CONTEXT(2) 
PARAMETRIC_REPRESENTATION_CONTEXT() REPRESENTATION_CONTEXT('2D SPACE',''
  ) );
#126 = PCURVE('',#127,#132);
#127 = PLANE('',#128);
#128 = AXIS2_PLACEMENT_3D('',#129,#130,#131);
#129 = CARTESIAN_POINT('',(0.,29.,2.));
#130 = DIRECTION('',(0.,0.,1.));
#131 = DIRECTION('',(1.,0.,0.));
#132 = DEFINITIONAL_REPRESENTATION('',(#133),#137);
#133 = CIRCLE('',#134,5.);
#134 = AXIS2_PLACEMENT_2D('',#135,#136);
#135 = CARTESIAN_POINT('',(0.,0.));
#136 = DIRECTION('',(1.,0.));
#137 = ( GEOMETRIC_REPRESENTATION_CONTEXT(2) 
PARAMETRIC_REPRESENTATION_CONTEXT() REPRESENTATION_CONTEXT('2D SPACE',''
  ) );
#138 = ORIENTED_EDGE('',*,*,#139,.T.);
#139 = EDGE_CURVE('',#111,#52,#140,.T.);
#140 = SURFACE_CURVE('',#141,(#194,#250),.PCURVE_S1.);
#141 = B_SPLINE_CURVE_WITH_KNOTS('',6,(#142,#143,#144,#145,#146,#147,
    #148,#149,#150,#151,#152,#153,#154,#155,#156,#157,#158,#159,#160,
    #161,#162,#163,#164,#165,#166,#167,#168,#169,#170,#171,#172,#173,
    #174,#175,#176,#177,#178,#179,#180,#181,#182,#183,#184,#185,#186,
    #187,#188,#189,#190,#191,#192,#193),.UNSPECIFIED.,.F.,.F.,(7,5,5,5,5
    ,5,5,5,5,5,7),(0.,0.13324056986,0.19498515187,0.243629613201,
    0.420232145188,0.500003678295,0.578807465456,0.754710257704,
    0.803259513217,0.86611425435,1.),.UNSPECIFIED.);
#142 = CARTESIAN_POINT('',(4.440892098501E-16,34.,2.));
#143 = CARTESIAN_POINT('',(-0.165766567484,34.,2.));
#144 = CARTESIAN_POINT('',(-0.330259667843,33.993405172997,1.98351279126
    ));
#145 = CARTESIAN_POINT('',(-0.490653315918,33.980405351797,1.95101384146
    ));
#146 = CARTESIAN_POINT('',(-0.644223993978,33.961872784813,
    1.903824875868));
#147 = CARTESIAN_POINT('',(-0.78855111805,33.939286179556,1.844100645243
    ));
#148 = CARTESIAN_POINT('',(-0.983447364486,33.902731299275,
    1.742890521345));
#149 = CARTESIAN_POINT('',(-1.043014522412,33.890596034393,
    1.708687590279));
#150 = CARTESIAN_POINT('',(-1.100404083646,33.878021953693,
    1.672507127343));
#151 = CARTESIAN_POINT('',(-1.155597175978,33.865125667977,1.63451469802
    ));
#152 = CARTESIAN_POINT('',(-1.208583724474,33.852017976787,1.59486607545
    ));
#153 = CARTESIAN_POINT('',(-1.299366469759,33.828390576124,
    1.521281890259));
#154 = CARTESIAN_POINT('',(-1.33800797384,33.817909814186,1.487912696297
    ));
#155 = CARTESIAN_POINT('',(-1.375292911342,33.807408464096,
    1.453664502238));
#156 = CARTESIAN_POINT('',(-1.411229547371,33.79693185934,1.418595950432
    ));
#157 = CARTESIAN_POINT('',(-1.445827808344,33.786522234553,
    1.382760022388));
#158 = CARTESIAN_POINT('',(-1.599890556654,33.738812086945,1.21348843068
    ));
#159 = CARTESIAN_POINT('',(-1.703306756841,33.702768734089,
    1.071157127776));
#160 = CARTESIAN_POINT('',(-1.789700157239,33.670005502595,0.92156945666
    ));
#161 = CARTESIAN_POINT('',(-1.859452506458,33.64199985231,0.766480112682
    ));
#162 = CARTESIAN_POINT('',(-1.912826623643,33.619817144671,0.607259348)
  );
#163 = CARTESIAN_POINT('',(-1.966566352559,33.597058464776,
    0.371836408941));
#164 = CARTESIAN_POINT('',(-1.97994091445,33.591308398079,0.298024394828
    ));
#165 = CARTESIAN_POINT('',(-1.989970524127,33.58695295338,0.223796045755
    ));
#166 = CARTESIAN_POINT('',(-1.996656653395,33.584034831059,
    0.149291407172));
#167 = CARTESIAN_POINT('',(-2.,33.582575694956,7.464776662302E-02));
#168 = CARTESIAN_POINT('',(-2.,33.582575694956,-7.374217949569E-02));
#169 = CARTESIAN_POINT('',(-1.996737370147,33.58399973322,
    -0.147480413927));
#170 = CARTESIAN_POINT('',(-1.990212362239,33.586847403973,
    -0.221084761394));
#171 = CARTESIAN_POINT('',(-1.980424503513,33.591098252967,
    -0.294422686475));
#172 = CARTESIAN_POINT('',(-1.967372596651,33.596711777483,
    -0.367359060235));
#173 = CARTESIAN_POINT('',(-1.914630580657,33.619064272528,
    -0.60135819099));
#174 = CARTESIAN_POINT('',(-1.86197995503,33.640970174019,
    -0.760068003048));
#175 = CARTESIAN_POINT('',(-1.793082353753,33.668677882596,
    -0.914715579844));
#176 = CARTESIAN_POINT('',(-1.707682899285,33.701141743107,
    -1.063947997025));
#177 = CARTESIAN_POINT('',(-1.605409902248,33.736910436886,
    -1.206038685115));
#178 = CARTESIAN_POINT('',(-1.452938510977,33.784366490294,
    -1.375280858972));
#179 = CARTESIAN_POINT('',(-1.418638569326,33.794742352771,
    -1.411177429304));
#180 = CARTESIAN_POINT('',(-1.383006939158,33.805190646219,
    -1.446316693592));
#181 = CARTESIAN_POINT('',(-1.346033643377,33.81566969204,
    -1.480646527085));
#182 = CARTESIAN_POINT('',(-1.307710225152,33.82613476151,
    -1.514109265158));
#183 = CARTESIAN_POINT('',(-1.216657052328,33.85000682247,
    -1.588760124201));
#184 = CARTESIAN_POINT('',(-1.162997035716,33.863375432641,
    -1.629329833444));
#185 = CARTESIAN_POINT('',(-1.107050428799,33.876535672335,
    -1.66819799552));
#186 = CARTESIAN_POINT('',(-1.048826515418,33.889371312882,
    -1.705201634411));
#187 = CARTESIAN_POINT('',(-0.988343856469,33.901759775077,
    -1.74016705341));
#188 = CARTESIAN_POINT('',(-0.792047523586,33.93873855712,
    -1.842652825375));
#189 = CARTESIAN_POINT('',(-0.647196033039,33.961513303228,
    -1.902909026277));
#190 = CARTESIAN_POINT('',(-0.492991972922,33.980214159829,
    -1.950535846558));
#191 = CARTESIAN_POINT('',(-0.331875571362,33.993339144862,
    -1.98334771901));
#192 = CARTESIAN_POINT('',(-0.166594346918,34.,-2.));
#193 = CARTESIAN_POINT('',(0.,34.,-2.));
#194 = PCURVE('',#63,#195);
#195 = DEFINITIONAL_REPRESENTATION('',(#196),#249);
#196 = B_SPLINE_CURVE_WITH_KNOTS('',6,(#197,#198,#199,#200,#201,#202,
    #203,#204,#205,#206,#207,#208,#209,#210,#211,#212,#213,#214,#215,
    #216,#217,#218,#219,#220,#221,#222,#223,#224,#225,#226,#227,#228,
    #229,#230,#231,#232,#233,#234,#235,#236,#237,#238,#239,#240,#241,
    #242,#243,#244,#245,#246,#247,#248),.UNSPECIFIED.,.F.,.F.,(7,5,5,5,5
    ,5,5,5,5,5,7),(0.,0.13324056986,0.19498515187,0.243629613201,
    0.420232145188,0.500003678295,0.578807465456,0.754710257704,
    0.803259513217,0.86611425435,1.),.UNSPECIFIED.);
#197 = CARTESIAN_POINT('',(1.570796326795,4.));
#198 = CARTESIAN_POINT('',(1.603949640292,4.));
#199 = CARTESIAN_POINT('',(1.636848313821,3.98351279126));
#200 = CARTESIAN_POINT('',(1.668992368633,3.95101384146));
#201 = CARTESIAN_POINT('',(1.699898999679,3.903824875868));
#202 = CARTESIAN_POINT('',(1.729102506281,3.844100645243));
#203 = CARTESIAN_POINT('',(1.768761455408,3.742890521345));
#204 = CARTESIAN_POINT('',(1.780918124431,3.708687590279));
#205 = CARTESIAN_POINT('',(1.792666485075,3.672507127343));
#206 = CARTESIAN_POINT('',(1.804000945508,3.63451469802));
#207 = CARTESIAN_POINT('',(1.814916896542,3.59486607545));
#208 = CARTESIAN_POINT('',(1.833678304702,3.521281890259));
#209 = CARTESIAN_POINT('',(1.841685423432,3.487912696297));
#210 = CARTESIAN_POINT('',(1.849432006163,3.453664502238));
#211 = CARTESIAN_POINT('',(1.856918090295,3.418595950432));
#212 = CARTESIAN_POINT('',(1.864143930929,3.382760022388));
#213 = CARTESIAN_POINT('',(1.896400148067,3.21348843068));
#214 = CARTESIAN_POINT('',(1.918290149824,3.071157127776));
#215 = CARTESIAN_POINT('',(1.93676302847,2.92156945666));
#216 = CARTESIAN_POINT('',(1.951794230208,2.766480112682));
#217 = CARTESIAN_POINT('',(1.963354016809,2.607259348));
#218 = CARTESIAN_POINT('',(1.975026062002,2.371836408941));
#219 = CARTESIAN_POINT('',(1.977937668887,2.298024394828));
#220 = CARTESIAN_POINT('',(1.980124553111,2.223796045755));
#221 = CARTESIAN_POINT('',(1.981583599594,2.149291407172));
#222 = CARTESIAN_POINT('',(1.982313172862,2.074647766623));
#223 = CARTESIAN_POINT('',(1.982313172862,1.926257820504));
#224 = CARTESIAN_POINT('',(1.981601182941,1.852519586073));
#225 = CARTESIAN_POINT('',(1.98017732715,1.778915238606));
#226 = CARTESIAN_POINT('',(1.978043143509,1.705577313525));
#227 = CARTESIAN_POINT('',(1.975201584012,1.632640939765));
#228 = CARTESIAN_POINT('',(1.963744962719,1.39864180901));
#229 = CARTESIAN_POINT('',(1.952340026956,1.239931996952));
#230 = CARTESIAN_POINT('',(1.937489593285,1.085284420156));
#231 = CARTESIAN_POINT('',(1.919223587035,0.936052002975));
#232 = CARTESIAN_POINT('',(1.897567147313,0.793961314885));
#233 = CARTESIAN_POINT('',(1.865629957605,0.624719141028));
#234 = CARTESIAN_POINT('',(1.858463182629,0.588822570696));
#235 = CARTESIAN_POINT('',(1.851037226873,0.553683306408));
#236 = CARTESIAN_POINT('',(1.84335182497,0.519353472915));
#237 = CARTESIAN_POINT('',(1.835406905618,0.485890734842));
#238 = CARTESIAN_POINT('',(1.816580800789,0.411239875799));
#239 = CARTESIAN_POINT('',(1.805521579741,0.370670166556));
#240 = CARTESIAN_POINT('',(1.794028405711,0.33180200448));
#241 = CARTESIAN_POINT('',(1.782105918783,0.294798365589));
#242 = CARTESIAN_POINT('',(1.769759793437,0.25983294659));
#243 = CARTESIAN_POINT('',(1.729809984614,0.157347174625));
#244 = CARTESIAN_POINT('',(1.700497161658,9.709097372296E-02));
#245 = CARTESIAN_POINT('',(1.669461078501,4.946415344225E-02));
#246 = CARTESIAN_POINT('',(1.637171498038,1.665228099046E-02));
#247 = CARTESIAN_POINT('',(1.604115196178,4.76684435162E-16));
#248 = CARTESIAN_POINT('',(1.570796326795,4.440892098501E-16));
#249 = ( GEOMETRIC_REPRESENTATION_CONTEXT(2) 
PARAMETRIC_REPRESENTATION_CONTEXT() REPRESENTATION_CONTEXT('2D SPACE',''
  ) );
#250 = PCURVE('',#251,#256);
#251 = CYLINDRICAL_SURFACE('',#252,2.);
#252 = AXIS2_PLACEMENT_3D('',#253,#254,#255);
#253 = CARTESIAN_POINT('',(0.,41.,-4.440892098501E-16));
#254 = DIRECTION('',(0.,-1.,1.110223024625E-16));
#255 = DIRECTION('',(1.,0.,0.));
#256 = DEFINITIONAL_REPRESENTATION('',(#257),#310);
#257 = B_SPLINE_CURVE_WITH_KNOTS('',6,(#258,#259,#260,#261,#262,#263,
    #264,#265,#266,#267,#268,#269,#270,#271,#272,#273,#274,#275,#276,
    #277,#278,#279,#280,#281,#282,#283,#284,#285,#286,#287,#288,#289,
    #290,#291,#292,#293,#294,#295,#296,#297,#298,#299,#300,#301,#302,
    #303,#304,#305,#306,#307,#308,#309),.UNSPECIFIED.,.F.,.F.,(7,5,5,5,5
    ,5,5,5,5,5,7),(0.,0.13324056986,0.19498515187,0.243629613201,
    0.420232145188,0.500003678295,0.578807465456,0.754710257704,
    0.803259513217,0.86611425435,1.),.UNSPECIFIED.);
#258 = CARTESIAN_POINT('',(1.570796326795,7.));
#259 = CARTESIAN_POINT('',(1.653679610537,7.));
#260 = CARTESIAN_POINT('',(1.735926042066,7.006594827003));
#261 = CARTESIAN_POINT('',(1.817148363369,7.019594648203));
#262 = CARTESIAN_POINT('',(1.896927747792,7.038127215187));
#263 = CARTESIAN_POINT('',(1.974733068067,7.060713820444));
#264 = CARTESIAN_POINT('',(2.084537480608,7.097268700725));
#265 = CARTESIAN_POINT('',(2.118850999796,7.109403965607));
#266 = CARTESIAN_POINT('',(2.152729557179,7.121978046307));
#267 = CARTESIAN_POINT('',(2.186192458695,7.134874332023));
#268 = CARTESIAN_POINT('',(2.219256840713,7.147982023213));
#269 = CARTESIAN_POINT('',(2.277686583036,7.171609423876));
#270 = CARTESIAN_POINT('',(2.303202061614,7.182090185814));
#271 = CARTESIAN_POINT('',(2.328497871927,7.192591535904));
#272 = CARTESIAN_POINT('',(2.353586927905,7.20306814066));
#273 = CARTESIAN_POINT('',(2.378482328787,7.213477765447));
#274 = CARTESIAN_POINT('',(2.492924674726,7.261187913055));
#275 = CARTESIAN_POINT('',(2.580360276031,7.297231265911));
#276 = CARTESIAN_POINT('',(2.66604887103,7.329994497405));
#277 = CARTESIAN_POINT('',(2.750444860636,7.35800014769));
#278 = CARTESIAN_POINT('',(2.833998117555,7.380182855329));
#279 = CARTESIAN_POINT('',(2.954737422152,7.402941535224));
#280 = CARTESIAN_POINT('',(2.992206136697,7.408691601921));
#281 = CARTESIAN_POINT('',(3.029601041903,7.41304704662));
#282 = CARTESIAN_POINT('',(3.066946950059,7.415965168941));
#283 = CARTESIAN_POINT('',(3.104268770278,7.417424305044));
#284 = CARTESIAN_POINT('',(3.178463743338,7.417424305044));
#285 = CARTESIAN_POINT('',(3.215333107822,7.41600026678));
#286 = CARTESIAN_POINT('',(3.252225257936,7.413152596027));
#287 = CARTESIAN_POINT('',(3.289164612099,7.408901747033));
#288 = CARTESIAN_POINT('',(3.326175496258,7.403288222517));
#289 = CARTESIAN_POINT('',(3.446110179988,7.380935727472));
#290 = CARTESIAN_POINT('',(3.52931165498,7.359029825981));
#291 = CARTESIAN_POINT('',(3.613339392943,7.331322117404));
#292 = CARTESIAN_POINT('',(3.698635629131,7.298858256893));
#293 = CARTESIAN_POINT('',(3.785647189406,7.263089563114));
#294 = CARTESIAN_POINT('',(3.899544553915,7.215633509706));
#295 = CARTESIAN_POINT('',(3.924358598776,7.205257647229));
#296 = CARTESIAN_POINT('',(3.949363717158,7.194809353781));
#297 = CARTESIAN_POINT('',(3.974572932458,7.18433030796));
#298 = CARTESIAN_POINT('',(3.999999122006,7.17386523849));
#299 = CARTESIAN_POINT('',(4.058870658076,7.14999317753));
#300 = CARTESIAN_POINT('',(4.092479750003,7.136624567359));
#301 = CARTESIAN_POINT('',(4.126499581436,7.123464327665));
#302 = CARTESIAN_POINT('',(4.160948570484,7.110628687118));
#303 = CARTESIAN_POINT('',(4.195847418251,7.098240224923));
#304 = CARTESIAN_POINT('',(4.306567316822,7.06126144288));
#305 = CARTESIAN_POINT('',(4.384713114649,7.038486696772));
#306 = CARTESIAN_POINT('',(4.46485216388,7.019785840171));
#307 = CARTESIAN_POINT('',(4.546451321042,7.006660855138));
#308 = CARTESIAN_POINT('',(4.629091806926,7.));
#309 = CARTESIAN_POINT('',(4.712388980385,7.));
#310 = ( GEOMETRIC_REPRESENTATION_CONTEXT(2) 
PARAMETRIC_REPRESENTATION_CONTEXT() REPRESENTATION_CONTEXT('2D SPACE',''
  ) );
#311 = ORIENTED_EDGE('',*,*,#312,.T.);
#312 = EDGE_CURVE('',#52,#111,#313,.T.);
#313 = SURFACE_CURVE('',#314,(#367,#462),.PCURVE_S1.);
#314 = B_SPLINE_CURVE_WITH_KNOTS('',6,(#315,#316,#317,#318,#319,#320,
    #321,#322,#323,#324,#325,#326,#327,#328,#329,#330,#331,#332,#333,
    #334,#335,#336,#337,#338,#339,#340,#341,#342,#343,#344,#345,#346,
    #347,#348,#349,#350,#351,#352,#353,#354,#355,#356,#357,#358,#359,
    #360,#361,#362,#363,#364,#365,#366),.UNSPECIFIED.,.F.,.F.,(7,5,5,5,5
    ,5,5,5,5,5,7),(0.,0.266479179201,0.389967434754,0.48725564173,
    0.84045810743,1.,1.157606422479,1.50940945288,1.606507258975,
    1.7322158286,1.999985375908),.UNSPECIFIED.);
#315 = CARTESIAN_POINT('',(-3.061616997868E-17,34.,-2.));
#316 = CARTESIAN_POINT('',(0.165766567482,34.,-2.));
#317 = CARTESIAN_POINT('',(0.330259667843,33.993405172997,
    -1.983512791261));
#318 = CARTESIAN_POINT('',(0.49065331592,33.980405351797,-1.951013841459
    ));
#319 = CARTESIAN_POINT('',(0.644223993979,33.961872784813,
    -1.903824875867));
#320 = CARTESIAN_POINT('',(0.788551118048,33.939286179557,
    -1.844100645244));
#321 = CARTESIAN_POINT('',(0.983447364511,33.90273129927,-1.742890521332
    ));
#322 = CARTESIAN_POINT('',(1.043014522404,33.890596034393,
    -1.708687590281));
#323 = CARTESIAN_POINT('',(1.100404083624,33.878021953698,
    -1.672507127358));
#324 = CARTESIAN_POINT('',(1.155597175974,33.865125667978,
    -1.634514698026));
#325 = CARTESIAN_POINT('',(1.208583724493,33.852017976782,
    -1.594866075434));
#326 = CARTESIAN_POINT('',(1.299366469759,33.828390576124,
    -1.521281890259));
#327 = CARTESIAN_POINT('',(1.338007973841,33.817909814186,
    -1.487912696297));
#328 = CARTESIAN_POINT('',(1.375292911342,33.807408464096,
    -1.453664502238));
#329 = CARTESIAN_POINT('',(1.411229547371,33.79693185934,-1.418595950432
    ));
#330 = CARTESIAN_POINT('',(1.445827808344,33.786522234553,
    -1.382760022388));
#331 = CARTESIAN_POINT('',(1.599890556654,33.738812086945,-1.21348843068
    ));
#332 = CARTESIAN_POINT('',(1.703306756841,33.702768734089,
    -1.071157127777));
#333 = CARTESIAN_POINT('',(1.789700157239,33.670005502595,
    -0.921569456659));
#334 = CARTESIAN_POINT('',(1.859452506458,33.64199985231,-0.766480112682
    ));
#335 = CARTESIAN_POINT('',(1.912826623643,33.619817144671,-0.607259348)
  );
#336 = CARTESIAN_POINT('',(1.966566352559,33.597058464776,
    -0.371836408941));
#337 = CARTESIAN_POINT('',(1.97994091445,33.591308398079,-0.298024394828
    ));
#338 = CARTESIAN_POINT('',(1.989970524127,33.58695295338,-0.223796045755
    ));
#339 = CARTESIAN_POINT('',(1.996656653395,33.584034831059,
    -0.149291407172));
#340 = CARTESIAN_POINT('',(2.,33.582575694956,-7.464776662297E-02));
#341 = CARTESIAN_POINT('',(2.,33.582575694956,7.374218303388E-02));
#342 = CARTESIAN_POINT('',(1.996737370567,33.583999733041,0.147480412998
    ));
#343 = CARTESIAN_POINT('',(1.990212362632,33.586847403805,0.221084757865
    ));
#344 = CARTESIAN_POINT('',(1.980424503303,33.591098253056,0.294422685515
    ));
#345 = CARTESIAN_POINT('',(1.967372595863,33.596711777817,0.367359063735
    ));
#346 = CARTESIAN_POINT('',(1.914630580657,33.619064272528,0.60135819099)
  );
#347 = CARTESIAN_POINT('',(1.86197995503,33.640970174019,0.760068003048)
  );
#348 = CARTESIAN_POINT('',(1.793082353753,33.668677882596,0.914715579844
    ));
#349 = CARTESIAN_POINT('',(1.707682899285,33.701141743107,1.063947997025
    ));
#350 = CARTESIAN_POINT('',(1.605409902248,33.736910436886,1.206038685115
    ));
#351 = CARTESIAN_POINT('',(1.452938510977,33.784366490294,1.375280858972
    ));
#352 = CARTESIAN_POINT('',(1.418638569326,33.794742352771,1.411177429304
    ));
#353 = CARTESIAN_POINT('',(1.383006939158,33.805190646219,1.446316693592
    ));
#354 = CARTESIAN_POINT('',(1.346033643377,33.81566969204,1.480646527085)
  );
#355 = CARTESIAN_POINT('',(1.307710225152,33.82613476151,1.514109265158)
  );
#356 = CARTESIAN_POINT('',(1.216657052326,33.850006822471,1.588760124202
    ));
#357 = CARTESIAN_POINT('',(1.162997035717,33.863375432641,1.629329833444
    ));
#358 = CARTESIAN_POINT('',(1.107050428801,33.876535672334,1.668197995519
    ));
#359 = CARTESIAN_POINT('',(1.048826515418,33.889371312882,1.705201634411
    ));
#360 = CARTESIAN_POINT('',(0.988343856467,33.901759775078,1.740167053411
    ));
#361 = CARTESIAN_POINT('',(0.792047523586,33.93873855712,1.842652825375)
  );
#362 = CARTESIAN_POINT('',(0.647196033039,33.961513303228,1.902909026277
    ));
#363 = CARTESIAN_POINT('',(0.492991972922,33.980214159829,1.950535846558
    ));
#364 = CARTESIAN_POINT('',(0.331875571362,33.993339144862,1.98334771901)
  );
#365 = CARTESIAN_POINT('',(0.166594346918,34.,2.));
#366 = CARTESIAN_POINT('',(4.592425496803E-16,34.,2.));
#367 = PCURVE('',#63,#368);
#368 = DEFINITIONAL_REPRESENTATION('',(#369),#461);
#369 = B_SPLINE_CURVE_WITH_KNOTS('',3,(#370,#371,#372,#373,#374,#375,
    #376,#377,#378,#379,#380,#381,#382,#383,#384,#385,#386,#387,#388,
    #389,#390,#391,#392,#393,#394,#395,#396,#397,#398,#399,#400,#401,
    #402,#403,#404,#405,#406,#407,#408,#409,#410,#411,#412,#413,#414,
    #415,#416,#417,#418,#419,#420,#421,#422,#423,#424,#425,#426,#427,
    #428,#429,#430,#431,#432,#433,#434,#435,#436,#437,#438,#439,#440,
    #441,#442,#443,#444,#445,#446,#447,#448,#449,#450,#451,#452,#453,
    #454,#455,#456,#457,#458,#459,#460),.UNSPECIFIED.,.F.,.F.,(4,1,1,1,1
    ,1,1,1,1,1,1,1,1,1,1,1,1,1,1,1,1,1,1,1,1,1,1,1,1,1,1,1,1,1,1,1,1,1,1
    ,1,1,1,1,1,1,1,1,1,1,1,1,1,1,1,1,1,1,1,1,1,1,1,1,1,1,1,1,1,1,1,1,1,1
    ,1,1,1,1,1,1,1,1,1,1,1,1,1,1,1,4),(0.,2.27271065444E-02,
    4.545421308881E-02,6.818131963321E-02,9.090842617761E-02,
    0.113635532722,0.136362639266,0.159089745811,0.181816852355,
    0.2045439589,0.227271065444,0.249998171988,0.272725278533,
    0.295452385077,0.318179491622,0.340906598166,0.36363370471,
    0.386360811255,0.409087917799,0.431815024344,0.454542130888,
    0.477269237432,0.499996343977,0.522723450521,0.545450557066,
    0.56817766361,0.590904770154,0.613631876699,0.636358983243,
    0.659086089788,0.681813196332,0.704540302877,0.727267409421,
    0.749994515965,0.77272162251,0.795448729054,0.818175835599,
    0.840902942143,0.863630048687,0.886357155232,0.909084261776,
    0.931811368321,0.954538474865,0.977265581409,0.999992687954,
    1.022719794498,1.045446901043,1.068174007587,1.090901114131,
    1.113628220676,1.13635532722,1.159082433765,1.181809540309,
    1.204536646853,1.227263753398,1.249990859942,1.272717966487,
    1.295445073031,1.318172179575,1.34089928612,1.363626392664,
    1.386353499209,1.409080605753,1.431807712297,1.454534818842,
    1.477261925386,1.499989031931,1.522716138475,1.545443245019,
    1.568170351564,1.590897458108,1.613624564653,1.636351671197,
    1.659078777741,1.681805884286,1.70453299083,1.727260097375,
    1.749987203919,1.772714310463,1.795441417008,1.818168523552,
    1.840895630097,1.863622736641,1.886349843185,1.90907694973,
    1.931804056274,1.954531162819,1.977258269363,1.999985375908),
  .QUASI_UNIFORM_KNOTS.);
#370 = CARTESIAN_POINT('',(1.570796326795,4.440892098501E-16));
#371 = CARTESIAN_POINT('',(1.565141232034,-1.341313830203E-06));
#372 = CARTESIAN_POINT('',(1.553849670772,1.200317576204E-03));
#373 = CARTESIAN_POINT('',(1.537004898448,6.554706072438E-03));
#374 = CARTESIAN_POINT('',(1.520289515218,1.540618667837E-02));
#375 = CARTESIAN_POINT('',(1.503739869019,2.767784415106E-02));
#376 = CARTESIAN_POINT('',(1.487391949711,4.327823182891E-02));
#377 = CARTESIAN_POINT('',(1.471281307197,6.209923326254E-02));
#378 = CARTESIAN_POINT('',(1.455442974529,8.401657440882E-02));
#379 = CARTESIAN_POINT('',(1.439911500384,0.108889241015));
#380 = CARTESIAN_POINT('',(1.42472046424,0.136560417979));
#381 = CARTESIAN_POINT('',(1.409903868569,0.166853228916));
#382 = CARTESIAN_POINT('',(1.395490450246,0.199585546228));
#383 = CARTESIAN_POINT('',(1.381524341662,0.234513512241));
#384 = CARTESIAN_POINT('',(1.367975337056,0.271572271296));
#385 = CARTESIAN_POINT('',(1.354838577739,0.310660239938));
#386 = CARTESIAN_POINT('',(1.342120763914,0.351646084301));
#387 = CARTESIAN_POINT('',(1.32982494371,0.394411836599));
#388 = CARTESIAN_POINT('',(1.317954829293,0.438840299849));
#389 = CARTESIAN_POINT('',(1.30651263467,0.484821819461));
#390 = CARTESIAN_POINT('',(1.295496439157,0.532268094941));
#391 = CARTESIAN_POINT('',(1.284906722402,0.581086908715));
#392 = CARTESIAN_POINT('',(1.274743081592,0.631194782042));
#393 = CARTESIAN_POINT('',(1.265005078929,0.682512880246));
#394 = CARTESIAN_POINT('',(1.255689256769,0.734985525507));
#395 = CARTESIAN_POINT('',(1.246796795906,0.788538402415));
#396 = CARTESIAN_POINT('',(1.238328174736,0.843104148041));
#397 = CARTESIAN_POINT('',(1.230284116257,0.898617751353));
#398 = CARTESIAN_POINT('',(1.222665334869,0.955017568685));
#399 = CARTESIAN_POINT('',(1.215472605752,1.012244835908));
#400 = CARTESIAN_POINT('',(1.208706748781,1.070243585204));
#401 = CARTESIAN_POINT('',(1.202368636364,1.128960454117));
#402 = CARTESIAN_POINT('',(1.1964591957,1.188344528332));
#403 = CARTESIAN_POINT('',(1.190979414135,1.24834716471));
#404 = CARTESIAN_POINT('',(1.185930342415,1.308921866966));
#405 = CARTESIAN_POINT('',(1.181313108052,1.370023977969));
#406 = CARTESIAN_POINT('',(1.17712889523,1.431611060327));
#407 = CARTESIAN_POINT('',(1.173379053388,1.493640714651));
#408 = CARTESIAN_POINT('',(1.170064729647,1.556077966218));
#409 = CARTESIAN_POINT('',(1.167188283793,1.61886691809));
#410 = CARTESIAN_POINT('',(1.164751945244,1.681942798313));
#411 = CARTESIAN_POINT('',(1.162756760189,1.745260750731));
#412 = CARTESIAN_POINT('',(1.161203819891,1.808771113848));
#413 = CARTESIAN_POINT('',(1.160093926751,1.872426115585));
#414 = CARTESIAN_POINT('',(1.159427680132,1.936177727634));
#415 = CARTESIAN_POINT('',(1.159205452878,1.999979465539));
#416 = CARTESIAN_POINT('',(1.15942739286,2.063781246288));
#417 = CARTESIAN_POINT('',(1.160093353715,2.127532990415));
#418 = CARTESIAN_POINT('',(1.161202966663,2.191188199385));
#419 = CARTESIAN_POINT('',(1.162755629127,2.254698787799));
#420 = CARTESIAN_POINT('',(1.164750539102,2.318017008376));
#421 = CARTESIAN_POINT('',(1.167186588412,2.381092919797));
#422 = CARTESIAN_POINT('',(1.170062782392,2.443882590367));
#423 = CARTESIAN_POINT('',(1.173376687069,2.506317493593));
#424 = CARTESIAN_POINT('',(1.177126191036,2.5683468006));
#425 = CARTESIAN_POINT('',(1.181310091906,2.629933977779));
#426 = CARTESIAN_POINT('',(1.185927060474,2.691036841009));
#427 = CARTESIAN_POINT('',(1.190975907451,2.751612700575));
#428 = CARTESIAN_POINT('',(1.196455502278,2.811616781516));
#429 = CARTESIAN_POINT('',(1.202364786246,2.871002444296));
#430 = CARTESIAN_POINT('',(1.208702761401,2.929720921496));
#431 = CARTESIAN_POINT('',(1.215468487011,2.987721182823));
#432 = CARTESIAN_POINT('',(1.222661074868,3.044949763581));
#433 = CARTESIAN_POINT('',(1.230279686539,3.101350603709));
#434 = CARTESIAN_POINT('',(1.238323528689,3.15686487383));
#435 = CARTESIAN_POINT('',(1.246791858902,3.211430835435));
#436 = CARTESIAN_POINT('',(1.255683956069,3.264983570239));
#437 = CARTESIAN_POINT('',(1.264999226688,3.317455191455));
#438 = CARTESIAN_POINT('',(1.274736807601,3.368773250982));
#439 = CARTESIAN_POINT('',(1.28490033713,3.418882649927));
#440 = CARTESIAN_POINT('',(1.295489872285,3.467702635354));
#441 = CARTESIAN_POINT('',(1.306505881251,3.515150096507));
#442 = CARTESIAN_POINT('',(1.317947994829,3.561133213711));
#443 = CARTESIAN_POINT('',(1.32981828754,3.605564167007));
#444 = CARTESIAN_POINT('',(1.342113980898,3.648331185731));
#445 = CARTESIAN_POINT('',(1.354831573368,3.689318086256));
#446 = CARTESIAN_POINT('',(1.367968377212,3.728407816755));
#447 = CARTESIAN_POINT('',(1.381516738852,3.765466690538));
#448 = CARTESIAN_POINT('',(1.395485727453,3.800403423845));
#449 = CARTESIAN_POINT('',(1.409900992712,3.833140663267));
#450 = CARTESIAN_POINT('',(1.424718605862,3.863436044221));
#451 = CARTESIAN_POINT('',(1.439909981762,3.891108166004));
#452 = CARTESIAN_POINT('',(1.455441297495,3.915980900988));
#453 = CARTESIAN_POINT('',(1.471279158161,3.937897987608));
#454 = CARTESIAN_POINT('',(1.487389209494,3.956718821835));
#455 = CARTESIAN_POINT('',(1.503736620221,3.972319375319));
#456 = CARTESIAN_POINT('',(1.520286049127,3.984591612732));
#457 = CARTESIAN_POINT('',(1.537001721197,3.993443990049));
#458 = CARTESIAN_POINT('',(1.553847508263,3.998799334227));
#459 = CARTESIAN_POINT('',(1.56514038054,4.000001325251));
#460 = CARTESIAN_POINT('',(1.570796326795,4.));
#461 = ( GEOMETRIC_REPRESENTATION_CONTEXT(2) 
PARAMETRIC_REPRESENTATION_CONTEXT() REPRESENTATION_CONTEXT('2D SPACE',''
  ) );
#462 = PCURVE('',#463,#468);
#463 = CYLINDRICAL_SURFACE('',#464,2.);
#464 = AXIS2_PLACEMENT_3D('',#465,#466,#467);
#465 = CARTESIAN_POINT('',(0.,41.,-4.440892098501E-16));
#466 = DIRECTION('',(0.,-1.,1.110223024625E-16));
#467 = DIRECTION('',(1.,0.,0.));
#468 = DEFINITIONAL_REPRESENTATION('',(#469),#561);
#469 = B_SPLINE_CURVE_WITH_KNOTS('',3,(#470,#471,#472,#473,#474,#475,
    #476,#477,#478,#479,#480,#481,#482,#483,#484,#485,#486,#487,#488,
    #489,#490,#491,#492,#493,#494,#495,#496,#497,#498,#499,#500,#501,
    #502,#503,#504,#505,#506,#507,#508,#509,#510,#511,#512,#513,#514,
    #515,#516,#517,#518,#519,#520,#521,#522,#523,#524,#525,#526,#527,
    #528,#529,#530,#531,#532,#533,#534,#535,#536,#537,#538,#539,#540,
    #541,#542,#543,#544,#545,#546,#547,#548,#549,#550,#551,#552,#553,
    #554,#555,#556,#557,#558,#559,#560),.UNSPECIFIED.,.F.,.F.,(4,1,1,1,1
    ,1,1,1,1,1,1,1,1,1,1,1,1,1,1,1,1,1,1,1,1,1,1,1,1,1,1,1,1,1,1,1,1,1,1
    ,1,1,1,1,1,1,1,1,1,1,1,1,1,1,1,1,1,1,1,1,1,1,1,1,1,1,1,1,1,1,1,1,1,1
    ,1,1,1,1,1,1,1,1,1,1,1,1,1,1,1,4),(0.,2.27271065444E-02,
    4.545421308881E-02,6.818131963321E-02,9.090842617761E-02,
    0.113635532722,0.136362639266,0.159089745811,0.181816852355,
    0.2045439589,0.227271065444,0.249998171988,0.272725278533,
    0.295452385077,0.318179491622,0.340906598166,0.36363370471,
    0.386360811255,0.409087917799,0.431815024344,0.454542130888,
    0.477269237432,0.499996343977,0.522723450521,0.545450557066,
    0.56817766361,0.590904770154,0.613631876699,0.636358983243,
    0.659086089788,0.681813196332,0.704540302877,0.727267409421,
    0.749994515965,0.77272162251,0.795448729054,0.818175835599,
    0.840902942143,0.863630048687,0.886357155232,0.909084261776,
    0.931811368321,0.954538474865,0.977265581409,0.999992687954,
    1.022719794498,1.045446901043,1.068174007587,1.090901114131,
    1.113628220676,1.13635532722,1.159082433765,1.181809540309,
    1.204536646853,1.227263753398,1.249990859942,1.272717966487,
    1.295445073031,1.318172179575,1.34089928612,1.363626392664,
    1.386353499209,1.409080605753,1.431807712297,1.454534818842,
    1.477261925386,1.499989031931,1.522716138475,1.545443245019,
    1.568170351564,1.590897458108,1.613624564653,1.636351671197,
    1.659078777741,1.681805884286,1.70453299083,1.727260097375,
    1.749987203919,1.772714310463,1.795441417008,1.818168523552,
    1.840895630097,1.863622736641,1.886349843185,1.90907694973,
    1.931804056274,1.954531162819,1.977258269363,1.999985375908),
  .QUASI_UNIFORM_KNOTS.);
#470 = CARTESIAN_POINT('',(4.712388980385,7.));
#471 = CARTESIAN_POINT('',(4.72652657397,6.999998948209));
#472 = CARTESIAN_POINT('',(4.754755724409,7.000480542644));
#473 = CARTESIAN_POINT('',(4.796931157064,7.002619564844));
#474 = CARTESIAN_POINT('',(4.838908542818,7.006145616559));
#475 = CARTESIAN_POINT('',(4.880656626574,7.011012078095));
#476 = CARTESIAN_POINT('',(4.922142764439,7.017161768597));
#477 = CARTESIAN_POINT('',(4.963332450401,7.024525923697));
#478 = CARTESIAN_POINT('',(5.004189076602,7.033025332264));
#479 = CARTESIAN_POINT('',(5.044673255552,7.042570894944));
#480 = CARTESIAN_POINT('',(5.084743551021,7.053064914792));
#481 = CARTESIAN_POINT('',(5.124351884238,7.064400616075));
#482 = CARTESIAN_POINT('',(5.163458686967,7.076468596639));
#483 = CARTESIAN_POINT('',(5.201974236462,7.089137896202));
#484 = CARTESIAN_POINT('',(5.240008668104,7.102343504156));
#485 = CARTESIAN_POINT('',(5.277604400723,7.116005917584));
#486 = CARTESIAN_POINT('',(5.314769006304,7.130035644645));
#487 = CARTESIAN_POINT('',(5.351518299763,7.144348785199));
#488 = CARTESIAN_POINT('',(5.387864207395,7.158862837217));
#489 = CARTESIAN_POINT('',(5.423821142453,7.173499305126));
#490 = CARTESIAN_POINT('',(5.459415374691,7.188187837594));
#491 = CARTESIAN_POINT('',(5.494665003025,7.202858156477));
#492 = CARTESIAN_POINT('',(5.529590339703,7.217444149025));
#493 = CARTESIAN_POINT('',(5.564211190144,7.23188266641));
#494 = CARTESIAN_POINT('',(5.598558653074,7.246118349315));
#495 = CARTESIAN_POINT('',(5.632647632116,7.260091950781));
#496 = CARTESIAN_POINT('',(5.666495055876,7.273747954286));
#497 = CARTESIAN_POINT('',(5.700116782922,7.287033216973));
#498 = CARTESIAN_POINT('',(5.733528514497,7.299897305367));
#499 = CARTESIAN_POINT('',(5.766745623813,7.312292377449));
#500 = CARTESIAN_POINT('',(5.799783267332,7.32417318619));
#501 = CARTESIAN_POINT('',(5.832656412728,7.335497050312));
#502 = CARTESIAN_POINT('',(5.865379884698,7.346223834036));
#503 = CARTESIAN_POINT('',(5.897968394679,7.356315923095));
#504 = CARTESIAN_POINT('',(5.930436594471,7.365738206056));
#505 = CARTESIAN_POINT('',(5.962799033084,7.37445803756));
#506 = CARTESIAN_POINT('',(5.995070464729,7.382445267956));
#507 = CARTESIAN_POINT('',(6.027264842044,7.389672024866));
#508 = CARTESIAN_POINT('',(6.05939921519,7.39611341999));
#509 = CARTESIAN_POINT('',(6.091479309601,7.401744799621));
#510 = CARTESIAN_POINT('',(6.123506145442,7.406544316974));
#511 = CARTESIAN_POINT('',(6.155490623028,7.410495080665));
#512 = CARTESIAN_POINT('',(6.187440899929,7.413582781992));
#513 = CARTESIAN_POINT('',(6.219365878816,7.415796357188));
#514 = CARTESIAN_POINT('',(6.251274167684,7.417127832116));
#515 = CARTESIAN_POINT('',(6.283175041724,7.417572402216));
#516 = CARTESIAN_POINT('',(6.315075926536,7.417128389009));
#517 = CARTESIAN_POINT('',(6.34698424939,7.41579746629));
#518 = CARTESIAN_POINT('',(6.378909280219,7.413584466311));
#519 = CARTESIAN_POINT('',(6.410859598606,7.410497343058));
#520 = CARTESIAN_POINT('',(6.442844119207,7.406547130165));
#521 = CARTESIAN_POINT('',(6.474870853097,7.401748145984));
#522 = CARTESIAN_POINT('',(6.506951177906,7.396117215375));
#523 = CARTESIAN_POINT('',(6.539084179996,7.389676607277));
#524 = CARTESIAN_POINT('',(6.571278178564,7.382450456286));
#525 = CARTESIAN_POINT('',(6.603549436012,7.374463766456));
#526 = CARTESIAN_POINT('',(6.635912021894,7.36574436898));
#527 = CARTESIAN_POINT('',(6.668380567432,7.356322425315));
#528 = CARTESIAN_POINT('',(6.700969565342,7.346230587887));
#529 = CARTESIAN_POINT('',(6.733693595647,7.335503984458));
#530 = CARTESIAN_POINT('',(6.766567304659,7.324180249625));
#531 = CARTESIAN_POINT('',(6.799605452612,7.312299543507));
#532 = CARTESIAN_POINT('',(6.832822945852,7.29990457395));
#533 = CARTESIAN_POINT('',(6.866234879664,7.287040616845));
#534 = CARTESIAN_POINT('',(6.899856576819,7.273755539857));
#535 = CARTESIAN_POINT('',(6.933703660743,7.260099813802));
#536 = CARTESIAN_POINT('',(6.967792027992,7.246126569371));
#537 = CARTESIAN_POINT('',(7.002138227645,7.231891484229));
#538 = CARTESIAN_POINT('',(7.036758357612,7.217453302643));
#539 = CARTESIAN_POINT('',(7.071684023745,7.202867164925));
#540 = CARTESIAN_POINT('',(7.106933708876,7.188196768948));
#541 = CARTESIAN_POINT('',(7.142527963894,7.173508125421));
#542 = CARTESIAN_POINT('',(7.178485220385,7.158871385423));
#543 = CARTESIAN_POINT('',(7.214832191644,7.144356725653));
#544 = CARTESIAN_POINT('',(7.251581564498,7.130043339541));
#545 = CARTESIAN_POINT('',(7.288745969027,7.116013419395));
#546 = CARTESIAN_POINT('',(7.326342214863,7.102350531478));
#547 = CARTESIAN_POINT('',(7.364375250528,7.089145022917));
#548 = CARTESIAN_POINT('',(7.402899058057,7.076472647083));
#549 = CARTESIAN_POINT('',(7.44201100316,7.064402889224));
#550 = CARTESIAN_POINT('',(7.48162213829,7.053066249782));
#551 = CARTESIAN_POINT('',(7.521693378401,7.042571884706));
#552 = CARTESIAN_POINT('',(7.562177187464,7.033026306718));
#553 = CARTESIAN_POINT('',(7.603032642386,7.024527006776));
#554 = CARTESIAN_POINT('',(7.644220868436,7.017162926131));
#555 = CARTESIAN_POINT('',(7.685705768118,7.011013177617));
#556 = CARTESIAN_POINT('',(7.727453349871,7.006146491188));
#557 = CARTESIAN_POINT('',(7.769431494095,7.00262008505));
#558 = CARTESIAN_POINT('',(7.811609482353,7.000480681938));
#559 = CARTESIAN_POINT('',(7.839841913023,6.999998954665));
#560 = CARTESIAN_POINT('',(7.853981633974,7.));
#561 = ( GEOMETRIC_REPRESENTATION_CONTEXT(2) 
PARAMETRIC_REPRESENTATION_CONTEXT() REPRESENTATION_CONTEXT('2D SPACE',''
  ) );
#562 = ORIENTED_EDGE('',*,*,#563,.F.);
#563 = EDGE_CURVE('',#88,#111,#564,.T.);
#564 = SURFACE_CURVE('',#565,(#570,#577),.PCURVE_S1.);
#565 = CIRCLE('',#566,5.);
#566 = AXIS2_PLACEMENT_3D('',#567,#568,#569);
#567 = CARTESIAN_POINT('',(0.,29.,2.));
#568 = DIRECTION('',(0.,0.,1.));
#569 = DIRECTION('',(1.,0.,0.));
#570 = PCURVE('',#63,#571);
#571 = DEFINITIONAL_REPRESENTATION('',(#572),#576);
#572 = LINE('',#573,#574);
#573 = CARTESIAN_POINT('',(0.,4.));
#574 = VECTOR('',#575,1.);
#575 = DIRECTION('',(1.,0.));
#576 = ( GEOMETRIC_REPRESENTATION_CONTEXT(2) 
PARAMETRIC_REPRESENTATION_CONTEXT() REPRESENTATION_CONTEXT('2D SPACE',''
  ) );
#577 = PCURVE('',#127,#578);
#578 = DEFINITIONAL_REPRESENTATION('',(#579),#583);
#579 = CIRCLE('',#580,5.);
#580 = AXIS2_PLACEMENT_2D('',#581,#582);
#581 = CARTESIAN_POINT('',(0.,0.));
#582 = DIRECTION('',(1.,0.));
#583 = ( GEOMETRIC_REPRESENTATION_CONTEXT(2) 
PARAMETRIC_REPRESENTATION_CONTEXT() REPRESENTATION_CONTEXT('2D SPACE',''
  ) );
#584 = ORIENTED_EDGE('',*,*,#87,.F.);
#585 = ORIENTED_EDGE('',*,*,#586,.T.);
#586 = EDGE_CURVE('',#54,#52,#587,.T.);
#587 = SURFACE_CURVE('',#588,(#593,#600),.PCURVE_S1.);
#588 = CIRCLE('',#589,5.);
#589 = AXIS2_PLACEMENT_3D('',#590,#591,#592);
#590 = CARTESIAN_POINT('',(0.,29.,-2.));
#591 = DIRECTION('',(0.,0.,1.));
#592 = DIRECTION('',(1.,0.,0.));
#593 = PCURVE('',#63,#594);
#594 = DEFINITIONAL_REPRESENTATION('',(#595),#599);
#595 = LINE('',#596,#597);
#596 = CARTESIAN_POINT('',(0.,0.));
#597 = VECTOR('',#598,1.);
#598 = DIRECTION('',(1.,0.));
#599 = ( GEOMETRIC_REPRESENTATION_CONTEXT(2) 
PARAMETRIC_REPRESENTATION_CONTEXT() REPRESENTATION_CONTEXT('2D SPACE',''
  ) );
#600 = PCURVE('',#75,#601);
#601 = DEFINITIONAL_REPRESENTATION('',(#602),#606);
#602 = CIRCLE('',#603,5.);
#603 = AXIS2_PLACEMENT_2D('',#604,#605);
#604 = CARTESIAN_POINT('',(0.,0.));
#605 = DIRECTION('',(1.,0.));
#606 = ( GEOMETRIC_REPRESENTATION_CONTEXT(2) 
PARAMETRIC_REPRESENTATION_CONTEXT() REPRESENTATION_CONTEXT('2D SPACE',''
  ) );
#607 = ADVANCED_FACE('',(#608),#463,.F.);
#608 = FACE_BOUND('',#609,.F.);
#609 = EDGE_LOOP('',(#610,#641,#660,#661));
#610 = ORIENTED_EDGE('',*,*,#611,.F.);
#611 = EDGE_CURVE('',#612,#614,#616,.T.);
#612 = VERTEX_POINT('',#613);
#613 = CARTESIAN_POINT('',(-3.673940397442E-16,33.,-2.));
#614 = VERTEX_POINT('',#615);
#615 = CARTESIAN_POINT('',(1.224646799147E-16,33.,2.));
#616 = SURFACE_CURVE('',#617,(#622,#629),.PCURVE_S1.);
#617 = CIRCLE('',#618,2.);
#618 = AXIS2_PLACEMENT_3D('',#619,#620,#621);
#619 = CARTESIAN_POINT('',(0.,33.,4.440892098501E-16));
#620 = DIRECTION('',(0.,-1.,-0.));
#621 = DIRECTION('',(-1.836970198721E-16,0.,-1.));
#622 = PCURVE('',#463,#623);
#623 = DEFINITIONAL_REPRESENTATION('',(#624),#628);
#624 = LINE('',#625,#626);
#625 = CARTESIAN_POINT('',(4.712388980385,8.));
#626 = VECTOR('',#627,1.);
#627 = DIRECTION('',(1.,0.));
#628 = ( GEOMETRIC_REPRESENTATION_CONTEXT(2) 
PARAMETRIC_REPRESENTATION_CONTEXT() REPRESENTATION_CONTEXT('2D SPACE',''
  ) );
#629 = PCURVE('',#630,#635);
#630 = PLANE('',#631);
#631 = AXIS2_PLACEMENT_3D('',#632,#633,#634);
#632 = CARTESIAN_POINT('',(0.,33.,4.440892098501E-16));
#633 = DIRECTION('',(0.,-1.,1.110223024625E-16));
#634 = DIRECTION('',(1.,0.,0.));
#635 = DEFINITIONAL_REPRESENTATION('',(#636),#640);
#636 = CIRCLE('',#637,2.);
#637 = AXIS2_PLACEMENT_2D('',#638,#639);
#638 = CARTESIAN_POINT('',(0.,0.));
#639 = DIRECTION('',(-1.836970198721E-16,-1.));
#640 = ( GEOMETRIC_REPRESENTATION_CONTEXT(2) 
PARAMETRIC_REPRESENTATION_CONTEXT() REPRESENTATION_CONTEXT('2D SPACE',''
  ) );
#641 = ORIENTED_EDGE('',*,*,#642,.F.);
#642 = EDGE_CURVE('',#52,#612,#643,.T.);
#643 = SURFACE_CURVE('',#644,(#648,#654),.PCURVE_S1.);
#644 = LINE('',#645,#646);
#645 = CARTESIAN_POINT('',(0.,41.,-2.));
#646 = VECTOR('',#647,1.);
#647 = DIRECTION('',(0.,-1.,1.110223024625E-16));
#648 = PCURVE('',#463,#649);
#649 = DEFINITIONAL_REPRESENTATION('',(#650),#653);
#650 = B_SPLINE_CURVE_WITH_KNOTS('',1,(#651,#652),.UNSPECIFIED.,.F.,.F.,
  (2,2),(7.,8.),.PIECEWISE_BEZIER_KNOTS.);
#651 = CARTESIAN_POINT('',(4.712388980385,7.));
#652 = CARTESIAN_POINT('',(4.712388980385,8.));
#653 = ( GEOMETRIC_REPRESENTATION_CONTEXT(2) 
PARAMETRIC_REPRESENTATION_CONTEXT() REPRESENTATION_CONTEXT('2D SPACE',''
  ) );
#654 = PCURVE('',#251,#655);
#655 = DEFINITIONAL_REPRESENTATION('',(#656),#659);
#656 = B_SPLINE_CURVE_WITH_KNOTS('',1,(#657,#658),.UNSPECIFIED.,.F.,.F.,
  (2,2),(6.,8.0000006),.PIECEWISE_BEZIER_KNOTS.);
#657 = CARTESIAN_POINT('',(4.712388980385,6.));
#658 = CARTESIAN_POINT('',(4.712388980385,8.0000006));
#659 = ( GEOMETRIC_REPRESENTATION_CONTEXT(2) 
PARAMETRIC_REPRESENTATION_CONTEXT() REPRESENTATION_CONTEXT('2D SPACE',''
  ) );
#660 = ORIENTED_EDGE('',*,*,#312,.T.);
#661 = ORIENTED_EDGE('',*,*,#662,.T.);
#662 = EDGE_CURVE('',#111,#614,#663,.T.);
#663 = SURFACE_CURVE('',#664,(#668,#674),.PCURVE_S1.);
#664 = LINE('',#665,#666);
#665 = CARTESIAN_POINT('',(0.,41.,2.));
#666 = VECTOR('',#667,1.);
#667 = DIRECTION('',(0.,-1.,1.110223024625E-16));
#668 = PCURVE('',#463,#669);
#669 = DEFINITIONAL_REPRESENTATION('',(#670),#673);
#670 = B_SPLINE_CURVE_WITH_KNOTS('',1,(#671,#672),.UNSPECIFIED.,.F.,.F.,
  (2,2),(7.,8.),.PIECEWISE_BEZIER_KNOTS.);
#671 = CARTESIAN_POINT('',(7.853981633974,7.));
#672 = CARTESIAN_POINT('',(7.853981633974,8.));
#673 = ( GEOMETRIC_REPRESENTATION_CONTEXT(2) 
PARAMETRIC_REPRESENTATION_CONTEXT() REPRESENTATION_CONTEXT('2D SPACE',''
  ) );
#674 = PCURVE('',#251,#675);
#675 = DEFINITIONAL_REPRESENTATION('',(#676),#679);
#676 = B_SPLINE_CURVE_WITH_KNOTS('',1,(#677,#678),.UNSPECIFIED.,.F.,.F.,
  (2,2),(6.,8.0000006),.PIECEWISE_BEZIER_KNOTS.);
#677 = CARTESIAN_POINT('',(1.570796326795,6.));
#678 = CARTESIAN_POINT('',(1.570796326795,8.0000006));
#679 = ( GEOMETRIC_REPRESENTATION_CONTEXT(2) 
PARAMETRIC_REPRESENTATION_CONTEXT() REPRESENTATION_CONTEXT('2D SPACE',''
  ) );
#680 = ADVANCED_FACE('',(#681),#630,.F.);
#681 = FACE_BOUND('',#682,.F.);
#682 = EDGE_LOOP('',(#683,#705));
#683 = ORIENTED_EDGE('',*,*,#684,.T.);
#684 = EDGE_CURVE('',#614,#612,#685,.T.);
#685 = SURFACE_CURVE('',#686,(#691,#698),.PCURVE_S1.);
#686 = CIRCLE('',#687,2.);
#687 = AXIS2_PLACEMENT_3D('',#688,#689,#690);
#688 = CARTESIAN_POINT('',(0.,33.,4.440892098501E-16));
#689 = DIRECTION('',(0.,-1.,1.110223024625E-16));
#690 = DIRECTION('',(1.,0.,0.));
#691 = PCURVE('',#630,#692);
#692 = DEFINITIONAL_REPRESENTATION('',(#693),#697);
#693 = CIRCLE('',#694,2.);
#694 = AXIS2_PLACEMENT_2D('',#695,#696);
#695 = CARTESIAN_POINT('',(0.,0.));
#696 = DIRECTION('',(1.,0.));
#697 = ( GEOMETRIC_REPRESENTATION_CONTEXT(2) 
PARAMETRIC_REPRESENTATION_CONTEXT() REPRESENTATION_CONTEXT('2D SPACE',''
  ) );
#698 = PCURVE('',#251,#699);
#699 = DEFINITIONAL_REPRESENTATION('',(#700),#704);
#700 = LINE('',#701,#702);
#701 = CARTESIAN_POINT('',(0.,8.));
#702 = VECTOR('',#703,1.);
#703 = DIRECTION('',(1.,0.));
#704 = ( GEOMETRIC_REPRESENTATION_CONTEXT(2) 
PARAMETRIC_REPRESENTATION_CONTEXT() REPRESENTATION_CONTEXT('2D SPACE',''
  ) );
#705 = ORIENTED_EDGE('',*,*,#611,.T.);
#706 = ADVANCED_FACE('',(#707),#251,.F.);
#707 = FACE_BOUND('',#708,.F.);
#708 = EDGE_LOOP('',(#709,#710,#711,#712));
#709 = ORIENTED_EDGE('',*,*,#684,.F.);
#710 = ORIENTED_EDGE('',*,*,#662,.F.);
#711 = ORIENTED_EDGE('',*,*,#139,.T.);
#712 = ORIENTED_EDGE('',*,*,#642,.T.);
#713 = ADVANCED_FACE('',(#714,#718),#127,.T.);
#714 = FACE_BOUND('',#715,.T.);
#715 = EDGE_LOOP('',(#716,#717));
#716 = ORIENTED_EDGE('',*,*,#563,.T.);
#717 = ORIENTED_EDGE('',*,*,#110,.T.);
#718 = FACE_BOUND('',#719,.T.);
#719 = EDGE_LOOP('',(#720));
#720 = ORIENTED_EDGE('',*,*,#721,.F.);
#721 = EDGE_CURVE('',#722,#722,#724,.T.);
#722 = VERTEX_POINT('',#723);
#723 = CARTESIAN_POINT('',(2.2,29.,2.));
#724 = SURFACE_CURVE('',#725,(#730,#737),.PCURVE_S1.);
#725 = CIRCLE('',#726,2.2);
#726 = AXIS2_PLACEMENT_3D('',#727,#728,#729);
#727 = CARTESIAN_POINT('',(0.,29.,2.));
#728 = DIRECTION('',(0.,0.,1.));
#729 = DIRECTION('',(1.,0.,-0.));
#730 = PCURVE('',#127,#731);
#731 = DEFINITIONAL_REPRESENTATION('',(#732),#736);
#732 = CIRCLE('',#733,2.2);
#733 = AXIS2_PLACEMENT_2D('',#734,#735);
#734 = CARTESIAN_POINT('',(0.,0.));
#735 = DIRECTION('',(1.,0.));
#736 = ( GEOMETRIC_REPRESENTATION_CONTEXT(2) 
PARAMETRIC_REPRESENTATION_CONTEXT() REPRESENTATION_CONTEXT('2D SPACE',''
  ) );
#737 = PCURVE('',#738,#743);
#738 = CYLINDRICAL_SURFACE('',#739,2.2);
#739 = AXIS2_PLACEMENT_3D('',#740,#741,#742);
#740 = CARTESIAN_POINT('',(0.,29.,-2.1));
#741 = DIRECTION('',(0.,0.,1.));
#742 = DIRECTION('',(1.,0.,0.));
#743 = DEFINITIONAL_REPRESENTATION('',(#744),#748);
#744 = LINE('',#745,#746);
#745 = CARTESIAN_POINT('',(0.,4.1));
#746 = VECTOR('',#747,1.);
#747 = DIRECTION('',(1.,0.));
#748 = ( GEOMETRIC_REPRESENTATION_CONTEXT(2) 
PARAMETRIC_REPRESENTATION_CONTEXT() REPRESENTATION_CONTEXT('2D SPACE',''
  ) );
#749 = ADVANCED_FACE('',(#750),#738,.F.);
#750 = FACE_BOUND('',#751,.F.);
#751 = EDGE_LOOP('',(#752,#753,#776,#798));
#752 = ORIENTED_EDGE('',*,*,#721,.F.);
#753 = ORIENTED_EDGE('',*,*,#754,.F.);
#754 = EDGE_CURVE('',#755,#722,#757,.T.);
#755 = VERTEX_POINT('',#756);
#756 = CARTESIAN_POINT('',(2.2,29.,-2.));
#757 = SEAM_CURVE('',#758,(#762,#769),.PCURVE_S1.);
#758 = LINE('',#759,#760);
#759 = CARTESIAN_POINT('',(2.2,29.,-2.1));
#760 = VECTOR('',#761,1.);
#761 = DIRECTION('',(0.,0.,1.));
#762 = PCURVE('',#738,#763);
#763 = DEFINITIONAL_REPRESENTATION('',(#764),#768);
#764 = LINE('',#765,#766);
#765 = CARTESIAN_POINT('',(6.28318530718,-0.));
#766 = VECTOR('',#767,1.);
#767 = DIRECTION('',(0.,1.));
#768 = ( GEOMETRIC_REPRESENTATION_CONTEXT(2) 
PARAMETRIC_REPRESENTATION_CONTEXT() REPRESENTATION_CONTEXT('2D SPACE',''
  ) );
#769 = PCURVE('',#738,#770);
#770 = DEFINITIONAL_REPRESENTATION('',(#771),#775);
#771 = LINE('',#772,#773);
#772 = CARTESIAN_POINT('',(0.,-0.));
#773 = VECTOR('',#774,1.);
#774 = DIRECTION('',(0.,1.));
#775 = ( GEOMETRIC_REPRESENTATION_CONTEXT(2) 
PARAMETRIC_REPRESENTATION_CONTEXT() REPRESENTATION_CONTEXT('2D SPACE',''
  ) );
#776 = ORIENTED_EDGE('',*,*,#777,.T.);
#777 = EDGE_CURVE('',#755,#755,#778,.T.);
#778 = SURFACE_CURVE('',#779,(#784,#791),.PCURVE_S1.);
#779 = CIRCLE('',#780,2.2);
#780 = AXIS2_PLACEMENT_3D('',#781,#782,#783);
#781 = CARTESIAN_POINT('',(0.,29.,-2.));
#782 = DIRECTION('',(0.,0.,1.));
#783 = DIRECTION('',(1.,0.,-0.));
#784 = PCURVE('',#738,#785);
#785 = DEFINITIONAL_REPRESENTATION('',(#786),#790);
#786 = LINE('',#787,#788);
#787 = CARTESIAN_POINT('',(0.,0.1));
#788 = VECTOR('',#789,1.);
#789 = DIRECTION('',(1.,0.));
#790 = ( GEOMETRIC_REPRESENTATION_CONTEXT(2) 
PARAMETRIC_REPRESENTATION_CONTEXT() REPRESENTATION_CONTEXT('2D SPACE',''
  ) );
#791 = PCURVE('',#75,#792);
#792 = DEFINITIONAL_REPRESENTATION('',(#793),#797);
#793 = CIRCLE('',#794,2.2);
#794 = AXIS2_PLACEMENT_2D('',#795,#796);
#795 = CARTESIAN_POINT('',(0.,0.));
#796 = DIRECTION('',(1.,0.));
#797 = ( GEOMETRIC_REPRESENTATION_CONTEXT(2) 
PARAMETRIC_REPRESENTATION_CONTEXT() REPRESENTATION_CONTEXT('2D SPACE',''
  ) );
#798 = ORIENTED_EDGE('',*,*,#754,.T.);
#799 = ADVANCED_FACE('',(#800,#804),#75,.F.);
#800 = FACE_BOUND('',#801,.F.);
#801 = EDGE_LOOP('',(#802,#803));
#802 = ORIENTED_EDGE('',*,*,#586,.T.);
#803 = ORIENTED_EDGE('',*,*,#51,.T.);
#804 = FACE_BOUND('',#805,.F.);
#805 = EDGE_LOOP('',(#806));
#806 = ORIENTED_EDGE('',*,*,#777,.F.);
#807 = ( GEOMETRIC_REPRESENTATION_CONTEXT(3) 
GLOBAL_UNCERTAINTY_ASSIGNED_CONTEXT((#811)) GLOBAL_UNIT_ASSIGNED_CONTEXT
((#808,#809,#810)) REPRESENTATION_CONTEXT('Context #1',
  '3D Context with UNIT and UNCERTAINTY') );
#808 = ( LENGTH_UNIT() NAMED_UNIT(*) SI_UNIT(.MILLI.,.METRE.) );
#809 = ( NAMED_UNIT(*) PLANE_ANGLE_UNIT() SI_UNIT($,.RADIAN.) );
#810 = ( NAMED_UNIT(*) SI_UNIT($,.STERADIAN.) SOLID_ANGLE_UNIT() );
#811 = UNCERTAINTY_MEASURE_WITH_UNIT(LENGTH_MEASURE(1.E-07),#808,
  'distance_accuracy_value','confusion accuracy');
#812 = CONTEXT_DEPENDENT_SHAPE_REPRESENTATION(#813,#815);
#813 = ( REPRESENTATION_RELATIONSHIP('','',#44,#10) 
REPRESENTATION_RELATIONSHIP_WITH_TRANSFORMATION(#814) 
SHAPE_REPRESENTATION_RELATIONSHIP() );
#814 = ITEM_DEFINED_TRANSFORMATION('','',#11,#15);
#815 = PRODUCT_DEFINITION_SHAPE('Placement','Placement of an item',#816
  );
#816 = NEXT_ASSEMBLY_USAGE_OCCURRENCE('1','','',#5,#39,$);
#817 = PRODUCT_RELATED_PRODUCT_CATEGORY('part',$,(#41));
#818 = SHAPE_DEFINITION_REPRESENTATION(#819,#825);
#819 = PRODUCT_DEFINITION_SHAPE('','',#820);
#820 = PRODUCT_DEFINITION('design','',#821,#824);
#821 = PRODUCT_DEFINITION_FORMATION('','',#822);
#822 = PRODUCT('Open CASCADE STEP translator 7.9 55.2',
  'Open CASCADE STEP translator 7.9 55.2','',(#823));
#823 = PRODUCT_CONTEXT('',#2,'mechanical');
#824 = PRODUCT_DEFINITION_CONTEXT('part definition',#2,'design');
#825 = ADVANCED_BREP_SHAPE_REPRESENTATION('',(#11,#826),#1306);
#826 = MANIFOLD_SOLID_BREP('',#827);
#827 = CLOSED_SHELL('',(#828,#1039,#1100,#1198,#1245,#1272,#1299));
#828 = ADVANCED_FACE('',(#829,#948),#843,.F.);
#829 = FACE_BOUND('',#830,.F.);
#830 = EDGE_LOOP('',(#831,#866,#894,#922));
#831 = ORIENTED_EDGE('',*,*,#832,.F.);
#832 = EDGE_CURVE('',#833,#835,#837,.T.);
#833 = VERTEX_POINT('',#834);
#834 = CARTESIAN_POINT('',(-6.,34.,-4.));
#835 = VERTEX_POINT('',#836);
#836 = CARTESIAN_POINT('',(6.,34.,-4.));
#837 = SURFACE_CURVE('',#838,(#842,#854),.PCURVE_S1.);
#838 = LINE('',#839,#840);
#839 = CARTESIAN_POINT('',(-6.,34.,-4.));
#840 = VECTOR('',#841,1.);
#841 = DIRECTION('',(1.,0.,0.));
#842 = PCURVE('',#843,#848);
#843 = PLANE('',#844);
#844 = AXIS2_PLACEMENT_3D('',#845,#846,#847);
#845 = CARTESIAN_POINT('',(-6.,34.,-4.));
#846 = DIRECTION('',(0.,1.,0.));
#847 = DIRECTION('',(0.,0.,1.));
#848 = DEFINITIONAL_REPRESENTATION('',(#849),#853);
#849 = LINE('',#850,#851);
#850 = CARTESIAN_POINT('',(0.,0.));
#851 = VECTOR('',#852,1.);
#852 = DIRECTION('',(0.,1.));
#853 = ( GEOMETRIC_REPRESENTATION_CONTEXT(2) 
PARAMETRIC_REPRESENTATION_CONTEXT() REPRESENTATION_CONTEXT('2D SPACE',''
  ) );
#854 = PCURVE('',#855,#860);
#855 = PLANE('',#856);
#856 = AXIS2_PLACEMENT_3D('',#857,#858,#859);
#857 = CARTESIAN_POINT('',(-6.,34.,-4.));
#858 = DIRECTION('',(0.,0.,1.));
#859 = DIRECTION('',(1.,0.,0.));
#860 = DEFINITIONAL_REPRESENTATION('',(#861),#865);
#861 = LINE('',#862,#863);
#862 = CARTESIAN_POINT('',(0.,0.));
#863 = VECTOR('',#864,1.);
#864 = DIRECTION('',(1.,0.));
#865 = ( GEOMETRIC_REPRESENTATION_CONTEXT(2) 
PARAMETRIC_REPRESENTATION_CONTEXT() REPRESENTATION_CONTEXT('2D SPACE',''
  ) );
#866 = ORIENTED_EDGE('',*,*,#867,.T.);
#867 = EDGE_CURVE('',#833,#868,#870,.T.);
#868 = VERTEX_POINT('',#869);
#869 = CARTESIAN_POINT('',(-6.,34.,4.));
#870 = SURFACE_CURVE('',#871,(#875,#882),.PCURVE_S1.);
#871 = LINE('',#872,#873);
#872 = CARTESIAN_POINT('',(-6.,34.,-4.));
#873 = VECTOR('',#874,1.);
#874 = DIRECTION('',(0.,0.,1.));
#875 = PCURVE('',#843,#876);
#876 = DEFINITIONAL_REPRESENTATION('',(#877),#881);
#877 = LINE('',#878,#879);
#878 = CARTESIAN_POINT('',(0.,0.));
#879 = VECTOR('',#880,1.);
#880 = DIRECTION('',(1.,0.));
#881 = ( GEOMETRIC_REPRESENTATION_CONTEXT(2) 
PARAMETRIC_REPRESENTATION_CONTEXT() REPRESENTATION_CONTEXT('2D SPACE',''
  ) );
#882 = PCURVE('',#883,#888);
#883 = PLANE('',#884);
#884 = AXIS2_PLACEMENT_3D('',#885,#886,#887);
#885 = CARTESIAN_POINT('',(-6.,34.,-4.));
#886 = DIRECTION('',(1.,0.,0.));
#887 = DIRECTION('',(0.,0.,1.));
#888 = DEFINITIONAL_REPRESENTATION('',(#889),#893);
#889 = LINE('',#890,#891);
#890 = CARTESIAN_POINT('',(0.,0.));
#891 = VECTOR('',#892,1.);
#892 = DIRECTION('',(1.,0.));
#893 = ( GEOMETRIC_REPRESENTATION_CONTEXT(2) 
PARAMETRIC_REPRESENTATION_CONTEXT() REPRESENTATION_CONTEXT('2D SPACE',''
  ) );
#894 = ORIENTED_EDGE('',*,*,#895,.T.);
#895 = EDGE_CURVE('',#868,#896,#898,.T.);
#896 = VERTEX_POINT('',#897);
#897 = CARTESIAN_POINT('',(6.,34.,4.));
#898 = SURFACE_CURVE('',#899,(#903,#910),.PCURVE_S1.);
#899 = LINE('',#900,#901);
#900 = CARTESIAN_POINT('',(-6.,34.,4.));
#901 = VECTOR('',#902,1.);
#902 = DIRECTION('',(1.,0.,0.));
#903 = PCURVE('',#843,#904);
#904 = DEFINITIONAL_REPRESENTATION('',(#905),#909);
#905 = LINE('',#906,#907);
#906 = CARTESIAN_POINT('',(8.,0.));
#907 = VECTOR('',#908,1.);
#908 = DIRECTION('',(0.,1.));
#909 = ( GEOMETRIC_REPRESENTATION_CONTEXT(2) 
PARAMETRIC_REPRESENTATION_CONTEXT() REPRESENTATION_CONTEXT('2D SPACE',''
  ) );
#910 = PCURVE('',#911,#916);
#911 = PLANE('',#912);
#912 = AXIS2_PLACEMENT_3D('',#913,#914,#915);
#913 = CARTESIAN_POINT('',(-6.,34.,4.));
#914 = DIRECTION('',(0.,0.,1.));
#915 = DIRECTION('',(1.,0.,0.));
#916 = DEFINITIONAL_REPRESENTATION('',(#917),#921);
#917 = LINE('',#918,#919);
#918 = CARTESIAN_POINT('',(0.,0.));
#919 = VECTOR('',#920,1.);
#920 = DIRECTION('',(1.,0.));
#921 = ( GEOMETRIC_REPRESENTATION_CONTEXT(2) 
PARAMETRIC_REPRESENTATION_CONTEXT() REPRESENTATION_CONTEXT('2D SPACE',''
  ) );
#922 = ORIENTED_EDGE('',*,*,#923,.F.);
#923 = EDGE_CURVE('',#835,#896,#924,.T.);
#924 = SURFACE_CURVE('',#925,(#929,#936),.PCURVE_S1.);
#925 = LINE('',#926,#927);
#926 = CARTESIAN_POINT('',(6.,34.,-4.));
#927 = VECTOR('',#928,1.);
#928 = DIRECTION('',(0.,0.,1.));
#929 = PCURVE('',#843,#930);
#930 = DEFINITIONAL_REPRESENTATION('',(#931),#935);
#931 = LINE('',#932,#933);
#932 = CARTESIAN_POINT('',(0.,12.));
#933 = VECTOR('',#934,1.);
#934 = DIRECTION('',(1.,0.));
#935 = ( GEOMETRIC_REPRESENTATION_CONTEXT(2) 
PARAMETRIC_REPRESENTATION_CONTEXT() REPRESENTATION_CONTEXT('2D SPACE',''
  ) );
#936 = PCURVE('',#937,#942);
#937 = PLANE('',#938);
#938 = AXIS2_PLACEMENT_3D('',#939,#940,#941);
#939 = CARTESIAN_POINT('',(6.,34.,-4.));
#940 = DIRECTION('',(1.,0.,0.));
#941 = DIRECTION('',(0.,0.,1.));
#942 = DEFINITIONAL_REPRESENTATION('',(#943),#947);
#943 = LINE('',#944,#945);
#944 = CARTESIAN_POINT('',(0.,0.));
#945 = VECTOR('',#946,1.);
#946 = DIRECTION('',(1.,0.));
#947 = ( GEOMETRIC_REPRESENTATION_CONTEXT(2) 
PARAMETRIC_REPRESENTATION_CONTEXT() REPRESENTATION_CONTEXT('2D SPACE',''
  ) );
#948 = FACE_BOUND('',#949,.F.);
#949 = EDGE_LOOP('',(#950,#985,#1013));
#950 = ORIENTED_EDGE('',*,*,#951,.T.);
#951 = EDGE_CURVE('',#952,#954,#956,.T.);
#952 = VERTEX_POINT('',#953);
#953 = CARTESIAN_POINT('',(3.061616997868E-16,34.,2.));
#954 = VERTEX_POINT('',#955);
#955 = CARTESIAN_POINT('',(3.061616997868E-16,34.,-2.));
#956 = SURFACE_CURVE('',#957,(#962,#973),.PCURVE_S1.);
#957 = CIRCLE('',#958,2.);
#958 = AXIS2_PLACEMENT_3D('',#959,#960,#961);
#959 = CARTESIAN_POINT('',(0.,34.,3.330669073875E-16));
#960 = DIRECTION('',(0.,-1.,1.110223024625E-16));
#961 = DIRECTION('',(1.,0.,0.));
#962 = PCURVE('',#843,#963);
#963 = DEFINITIONAL_REPRESENTATION('',(#964),#972);
#964 = ( BOUNDED_CURVE() B_SPLINE_CURVE(2,(#965,#966,#967,#968,#969,#970
,#971),.UNSPECIFIED.,.T.,.F.) B_SPLINE_CURVE_WITH_KNOTS((1,2,2,2,2,1),(
    -2.094395102393,0.,2.094395102393,4.188790204786,6.28318530718,
8.377580409573),.UNSPECIFIED.) CURVE() GEOMETRIC_REPRESENTATION_ITEM() 
RATIONAL_B_SPLINE_CURVE((1.,0.5,1.,0.5,1.,0.5,1.)) REPRESENTATION_ITEM(
  '') );
#965 = CARTESIAN_POINT('',(4.,8.));
#966 = CARTESIAN_POINT('',(7.464101615138,8.));
#967 = CARTESIAN_POINT('',(5.732050807569,5.));
#968 = CARTESIAN_POINT('',(4.,2.));
#969 = CARTESIAN_POINT('',(2.267949192431,5.));
#970 = CARTESIAN_POINT('',(0.535898384862,8.));
#971 = CARTESIAN_POINT('',(4.,8.));
#972 = ( GEOMETRIC_REPRESENTATION_CONTEXT(2) 
PARAMETRIC_REPRESENTATION_CONTEXT() REPRESENTATION_CONTEXT('2D SPACE',''
  ) );
#973 = PCURVE('',#974,#979);
#974 = CYLINDRICAL_SURFACE('',#975,2.);
#975 = AXIS2_PLACEMENT_3D('',#976,#977,#978);
#976 = CARTESIAN_POINT('',(0.,41.,-4.440892098501E-16));
#977 = DIRECTION('',(0.,-1.,1.110223024625E-16));
#978 = DIRECTION('',(1.,0.,0.));
#979 = DEFINITIONAL_REPRESENTATION('',(#980),#984);
#980 = LINE('',#981,#982);
#981 = CARTESIAN_POINT('',(0.,7.));
#982 = VECTOR('',#983,1.);
#983 = DIRECTION('',(1.,0.));
#984 = ( GEOMETRIC_REPRESENTATION_CONTEXT(2) 
PARAMETRIC_REPRESENTATION_CONTEXT() REPRESENTATION_CONTEXT('2D SPACE',''
  ) );
#985 = ORIENTED_EDGE('',*,*,#986,.T.);
#986 = EDGE_CURVE('',#954,#987,#989,.T.);
#987 = VERTEX_POINT('',#988);
#988 = CARTESIAN_POINT('',(2.,34.,-1.567918122714E-16));
#989 = SURFACE_CURVE('',#990,(#995,#1006),.PCURVE_S1.);
#990 = CIRCLE('',#991,2.);
#991 = AXIS2_PLACEMENT_3D('',#992,#993,#994);
#992 = CARTESIAN_POINT('',(0.,34.,3.330669073875E-16));
#993 = DIRECTION('',(0.,-1.,1.110223024625E-16));
#994 = DIRECTION('',(1.,0.,0.));
#995 = PCURVE('',#843,#996);
#996 = DEFINITIONAL_REPRESENTATION('',(#997),#1005);
#997 = ( BOUNDED_CURVE() B_SPLINE_CURVE(2,(#998,#999,#1000,#1001,#1002,
#1003,#1004),.UNSPECIFIED.,.T.,.F.) B_SPLINE_CURVE_WITH_KNOTS((1,2,2,2,2
    ,1),(-2.094395102393,0.,2.094395102393,4.188790204786,6.28318530718,
8.377580409573),.UNSPECIFIED.) CURVE() GEOMETRIC_REPRESENTATION_ITEM() 
RATIONAL_B_SPLINE_CURVE((1.,0.5,1.,0.5,1.,0.5,1.)) REPRESENTATION_ITEM(
  '') );
#998 = CARTESIAN_POINT('',(4.,8.));
#999 = CARTESIAN_POINT('',(7.464101615138,8.));
#1000 = CARTESIAN_POINT('',(5.732050807569,5.));
#1001 = CARTESIAN_POINT('',(4.,2.));
#1002 = CARTESIAN_POINT('',(2.267949192431,5.));
#1003 = CARTESIAN_POINT('',(0.535898384862,8.));
#1004 = CARTESIAN_POINT('',(4.,8.));
#1005 = ( GEOMETRIC_REPRESENTATION_CONTEXT(2) 
PARAMETRIC_REPRESENTATION_CONTEXT() REPRESENTATION_CONTEXT('2D SPACE',''
  ) );
#1006 = PCURVE('',#974,#1007);
#1007 = DEFINITIONAL_REPRESENTATION('',(#1008),#1012);
#1008 = LINE('',#1009,#1010);
#1009 = CARTESIAN_POINT('',(0.,7.));
#1010 = VECTOR('',#1011,1.);
#1011 = DIRECTION('',(1.,0.));
#1012 = ( GEOMETRIC_REPRESENTATION_CONTEXT(2) 
PARAMETRIC_REPRESENTATION_CONTEXT() REPRESENTATION_CONTEXT('2D SPACE',''
  ) );
#1013 = ORIENTED_EDGE('',*,*,#1014,.T.);
#1014 = EDGE_CURVE('',#987,#952,#1015,.T.);
#1015 = SURFACE_CURVE('',#1016,(#1021,#1032),.PCURVE_S1.);
#1016 = CIRCLE('',#1017,2.);
#1017 = AXIS2_PLACEMENT_3D('',#1018,#1019,#1020);
#1018 = CARTESIAN_POINT('',(0.,34.,3.330669073875E-16));
#1019 = DIRECTION('',(0.,-1.,1.110223024625E-16));
#1020 = DIRECTION('',(1.,0.,0.));
#1021 = PCURVE('',#843,#1022);
#1022 = DEFINITIONAL_REPRESENTATION('',(#1023),#1031);
#1023 = ( BOUNDED_CURVE() B_SPLINE_CURVE(2,(#1024,#1025,#1026,#1027,
#1028,#1029,#1030),.UNSPECIFIED.,.T.,.F.) B_SPLINE_CURVE_WITH_KNOTS((1,2
    ,2,2,2,1),(-2.094395102393,0.,2.094395102393,4.188790204786,
6.28318530718,8.377580409573),.UNSPECIFIED.) CURVE() 
GEOMETRIC_REPRESENTATION_ITEM() RATIONAL_B_SPLINE_CURVE((1.,0.5,1.,0.5,
1.,0.5,1.)) REPRESENTATION_ITEM('') );
#1024 = CARTESIAN_POINT('',(4.,8.));
#1025 = CARTESIAN_POINT('',(7.464101615138,8.));
#1026 = CARTESIAN_POINT('',(5.732050807569,5.));
#1027 = CARTESIAN_POINT('',(4.,2.));
#1028 = CARTESIAN_POINT('',(2.267949192431,5.));
#1029 = CARTESIAN_POINT('',(0.535898384862,8.));
#1030 = CARTESIAN_POINT('',(4.,8.));
#1031 = ( GEOMETRIC_REPRESENTATION_CONTEXT(2) 
PARAMETRIC_REPRESENTATION_CONTEXT() REPRESENTATION_CONTEXT('2D SPACE',''
  ) );
#1032 = PCURVE('',#974,#1033);
#1033 = DEFINITIONAL_REPRESENTATION('',(#1034),#1038);
#1034 = LINE('',#1035,#1036);
#1035 = CARTESIAN_POINT('',(0.,7.));
#1036 = VECTOR('',#1037,1.);
#1037 = DIRECTION('',(1.,0.));
#1038 = ( GEOMETRIC_REPRESENTATION_CONTEXT(2) 
PARAMETRIC_REPRESENTATION_CONTEXT() REPRESENTATION_CONTEXT('2D SPACE',''
  ) );
#1039 = ADVANCED_FACE('',(#1040),#974,.F.);
#1040 = FACE_BOUND('',#1041,.F.);
#1041 = EDGE_LOOP('',(#1042,#1043,#1044,#1067,#1098,#1099));
#1042 = ORIENTED_EDGE('',*,*,#951,.F.);
#1043 = ORIENTED_EDGE('',*,*,#1014,.F.);
#1044 = ORIENTED_EDGE('',*,*,#1045,.F.);
#1045 = EDGE_CURVE('',#1046,#987,#1048,.T.);
#1046 = VERTEX_POINT('',#1047);
#1047 = CARTESIAN_POINT('',(2.,40.,-8.229256270465E-16));
#1048 = SEAM_CURVE('',#1049,(#1053,#1060),.PCURVE_S1.);
#1049 = LINE('',#1050,#1051);
#1050 = CARTESIAN_POINT('',(2.,41.,-9.33947929509E-16));
#1051 = VECTOR('',#1052,1.);
#1052 = DIRECTION('',(0.,-1.,1.110223024625E-16));
#1053 = PCURVE('',#974,#1054);
#1054 = DEFINITIONAL_REPRESENTATION('',(#1055),#1059);
#1055 = LINE('',#1056,#1057);
#1056 = CARTESIAN_POINT('',(6.28318530718,-0.));
#1057 = VECTOR('',#1058,1.);
#1058 = DIRECTION('',(0.,1.));
#1059 = ( GEOMETRIC_REPRESENTATION_CONTEXT(2) 
PARAMETRIC_REPRESENTATION_CONTEXT() REPRESENTATION_CONTEXT('2D SPACE',''
  ) );
#1060 = PCURVE('',#974,#1061);
#1061 = DEFINITIONAL_REPRESENTATION('',(#1062),#1066);
#1062 = LINE('',#1063,#1064);
#1063 = CARTESIAN_POINT('',(0.,-0.));
#1064 = VECTOR('',#1065,1.);
#1065 = DIRECTION('',(0.,1.));
#1066 = ( GEOMETRIC_REPRESENTATION_CONTEXT(2) 
PARAMETRIC_REPRESENTATION_CONTEXT() REPRESENTATION_CONTEXT('2D SPACE',''
  ) );
#1067 = ORIENTED_EDGE('',*,*,#1068,.T.);
#1068 = EDGE_CURVE('',#1046,#1046,#1069,.T.);
#1069 = SURFACE_CURVE('',#1070,(#1075,#1082),.PCURVE_S1.);
#1070 = CIRCLE('',#1071,2.);
#1071 = AXIS2_PLACEMENT_3D('',#1072,#1073,#1074);
#1072 = CARTESIAN_POINT('',(0.,40.,-3.330669073875E-16));
#1073 = DIRECTION('',(0.,-1.,1.110223024625E-16));
#1074 = DIRECTION('',(1.,0.,0.));
#1075 = PCURVE('',#974,#1076);
#1076 = DEFINITIONAL_REPRESENTATION('',(#1077),#1081);
#1077 = LINE('',#1078,#1079);
#1078 = CARTESIAN_POINT('',(0.,1.));
#1079 = VECTOR('',#1080,1.);
#1080 = DIRECTION('',(1.,0.));
#1081 = ( GEOMETRIC_REPRESENTATION_CONTEXT(2) 
PARAMETRIC_REPRESENTATION_CONTEXT() REPRESENTATION_CONTEXT('2D SPACE',''
  ) );
#1082 = PCURVE('',#1083,#1088);
#1083 = PLANE('',#1084);
#1084 = AXIS2_PLACEMENT_3D('',#1085,#1086,#1087);
#1085 = CARTESIAN_POINT('',(-6.,40.,-4.));
#1086 = DIRECTION('',(0.,1.,0.));
#1087 = DIRECTION('',(0.,0.,1.));
#1088 = DEFINITIONAL_REPRESENTATION('',(#1089),#1097);
#1089 = ( BOUNDED_CURVE() B_SPLINE_CURVE(2,(#1090,#1091,#1092,#1093,
#1094,#1095,#1096),.UNSPECIFIED.,.T.,.F.) B_SPLINE_CURVE_WITH_KNOTS((1,2
    ,2,2,2,1),(-2.094395102393,0.,2.094395102393,4.188790204786,
6.28318530718,8.377580409573),.UNSPECIFIED.) CURVE() 
GEOMETRIC_REPRESENTATION_ITEM() RATIONAL_B_SPLINE_CURVE((1.,0.5,1.,0.5,
1.,0.5,1.)) REPRESENTATION_ITEM('') );
#1090 = CARTESIAN_POINT('',(4.,8.));
#1091 = CARTESIAN_POINT('',(7.464101615138,8.));
#1092 = CARTESIAN_POINT('',(5.732050807569,5.));
#1093 = CARTESIAN_POINT('',(4.,2.));
#1094 = CARTESIAN_POINT('',(2.267949192431,5.));
#1095 = CARTESIAN_POINT('',(0.535898384862,8.));
#1096 = CARTESIAN_POINT('',(4.,8.));
#1097 = ( GEOMETRIC_REPRESENTATION_CONTEXT(2) 
PARAMETRIC_REPRESENTATION_CONTEXT() REPRESENTATION_CONTEXT('2D SPACE',''
  ) );
#1098 = ORIENTED_EDGE('',*,*,#1045,.T.);
#1099 = ORIENTED_EDGE('',*,*,#986,.F.);
#1100 = ADVANCED_FACE('',(#1101,#1195),#1083,.T.);
#1101 = FACE_BOUND('',#1102,.T.);
#1102 = EDGE_LOOP('',(#1103,#1128,#1151,#1174));
#1103 = ORIENTED_EDGE('',*,*,#1104,.F.);
#1104 = EDGE_CURVE('',#1105,#1107,#1109,.T.);
#1105 = VERTEX_POINT('',#1106);
#1106 = CARTESIAN_POINT('',(-6.,40.,-4.));
#1107 = VERTEX_POINT('',#1108);
#1108 = CARTESIAN_POINT('',(6.,40.,-4.));
#1109 = SURFACE_CURVE('',#1110,(#1114,#1121),.PCURVE_S1.);
#1110 = LINE('',#1111,#1112);
#1111 = CARTESIAN_POINT('',(-6.,40.,-4.));
#1112 = VECTOR('',#1113,1.);
#1113 = DIRECTION('',(1.,0.,0.));
#1114 = PCURVE('',#1083,#1115);
#1115 = DEFINITIONAL_REPRESENTATION('',(#1116),#1120);
#1116 = LINE('',#1117,#1118);
#1117 = CARTESIAN_POINT('',(0.,0.));
#1118 = VECTOR('',#1119,1.);
#1119 = DIRECTION('',(0.,1.));
#1120 = ( GEOMETRIC_REPRESENTATION_CONTEXT(2) 
PARAMETRIC_REPRESENTATION_CONTEXT() REPRESENTATION_CONTEXT('2D SPACE',''
  ) );
#1121 = PCURVE('',#855,#1122);
#1122 = DEFINITIONAL_REPRESENTATION('',(#1123),#1127);
#1123 = LINE('',#1124,#1125);
#1124 = CARTESIAN_POINT('',(0.,6.));
#1125 = VECTOR('',#1126,1.);
#1126 = DIRECTION('',(1.,0.));
#1127 = ( GEOMETRIC_REPRESENTATION_CONTEXT(2) 
PARAMETRIC_REPRESENTATION_CONTEXT() REPRESENTATION_CONTEXT('2D SPACE',''
  ) );
#1128 = ORIENTED_EDGE('',*,*,#1129,.T.);
#1129 = EDGE_CURVE('',#1105,#1130,#1132,.T.);
#1130 = VERTEX_POINT('',#1131);
#1131 = CARTESIAN_POINT('',(-6.,40.,4.));
#1132 = SURFACE_CURVE('',#1133,(#1137,#1144),.PCURVE_S1.);
#1133 = LINE('',#1134,#1135);
#1134 = CARTESIAN_POINT('',(-6.,40.,-4.));
#1135 = VECTOR('',#1136,1.);
#1136 = DIRECTION('',(0.,0.,1.));
#1137 = PCURVE('',#1083,#1138);
#1138 = DEFINITIONAL_REPRESENTATION('',(#1139),#1143);
#1139 = LINE('',#1140,#1141);
#1140 = CARTESIAN_POINT('',(0.,0.));
#1141 = VECTOR('',#1142,1.);
#1142 = DIRECTION('',(1.,0.));
#1143 = ( GEOMETRIC_REPRESENTATION_CONTEXT(2) 
PARAMETRIC_REPRESENTATION_CONTEXT() REPRESENTATION_CONTEXT('2D SPACE',''
  ) );
#1144 = PCURVE('',#883,#1145);
#1145 = DEFINITIONAL_REPRESENTATION('',(#1146),#1150);
#1146 = LINE('',#1147,#1148);
#1147 = CARTESIAN_POINT('',(0.,-6.));
#1148 = VECTOR('',#1149,1.);
#1149 = DIRECTION('',(1.,0.));
#1150 = ( GEOMETRIC_REPRESENTATION_CONTEXT(2) 
PARAMETRIC_REPRESENTATION_CONTEXT() REPRESENTATION_CONTEXT('2D SPACE',''
  ) );
#1151 = ORIENTED_EDGE('',*,*,#1152,.T.);
#1152 = EDGE_CURVE('',#1130,#1153,#1155,.T.);
#1153 = VERTEX_POINT('',#1154);
#1154 = CARTESIAN_POINT('',(6.,40.,4.));
#1155 = SURFACE_CURVE('',#1156,(#1160,#1167),.PCURVE_S1.);
#1156 = LINE('',#1157,#1158);
#1157 = CARTESIAN_POINT('',(-6.,40.,4.));
#1158 = VECTOR('',#1159,1.);
#1159 = DIRECTION('',(1.,0.,0.));
#1160 = PCURVE('',#1083,#1161);
#1161 = DEFINITIONAL_REPRESENTATION('',(#1162),#1166);
#1162 = LINE('',#1163,#1164);
#1163 = CARTESIAN_POINT('',(8.,0.));
#1164 = VECTOR('',#1165,1.);
#1165 = DIRECTION('',(0.,1.));
#1166 = ( GEOMETRIC_REPRESENTATION_CONTEXT(2) 
PARAMETRIC_REPRESENTATION_CONTEXT() REPRESENTATION_CONTEXT('2D SPACE',''
  ) );
#1167 = PCURVE('',#911,#1168);
#1168 = DEFINITIONAL_REPRESENTATION('',(#1169),#1173);
#1169 = LINE('',#1170,#1171);
#1170 = CARTESIAN_POINT('',(0.,6.));
#1171 = VECTOR('',#1172,1.);
#1172 = DIRECTION('',(1.,0.));
#1173 = ( GEOMETRIC_REPRESENTATION_CONTEXT(2) 
PARAMETRIC_REPRESENTATION_CONTEXT() REPRESENTATION_CONTEXT('2D SPACE',''
  ) );
#1174 = ORIENTED_EDGE('',*,*,#1175,.F.);
#1175 = EDGE_CURVE('',#1107,#1153,#1176,.T.);
#1176 = SURFACE_CURVE('',#1177,(#1181,#1188),.PCURVE_S1.);
#1177 = LINE('',#1178,#1179);
#1178 = CARTESIAN_POINT('',(6.,40.,-4.));
#1179 = VECTOR('',#1180,1.);
#1180 = DIRECTION('',(0.,0.,1.));
#1181 = PCURVE('',#1083,#1182);
#1182 = DEFINITIONAL_REPRESENTATION('',(#1183),#1187);
#1183 = LINE('',#1184,#1185);
#1184 = CARTESIAN_POINT('',(0.,12.));
#1185 = VECTOR('',#1186,1.);
#1186 = DIRECTION('',(1.,0.));
#1187 = ( GEOMETRIC_REPRESENTATION_CONTEXT(2) 
PARAMETRIC_REPRESENTATION_CONTEXT() REPRESENTATION_CONTEXT('2D SPACE',''
  ) );
#1188 = PCURVE('',#937,#1189);
#1189 = DEFINITIONAL_REPRESENTATION('',(#1190),#1194);
#1190 = LINE('',#1191,#1192);
#1191 = CARTESIAN_POINT('',(0.,-6.));
#1192 = VECTOR('',#1193,1.);
#1193 = DIRECTION('',(1.,0.));
#1194 = ( GEOMETRIC_REPRESENTATION_CONTEXT(2) 
PARAMETRIC_REPRESENTATION_CONTEXT() REPRESENTATION_CONTEXT('2D SPACE',''
  ) );
#1195 = FACE_BOUND('',#1196,.T.);
#1196 = EDGE_LOOP('',(#1197));
#1197 = ORIENTED_EDGE('',*,*,#1068,.T.);
#1198 = ADVANCED_FACE('',(#1199),#911,.T.);
#1199 = FACE_BOUND('',#1200,.T.);
#1200 = EDGE_LOOP('',(#1201,#1222,#1223,#1244));
#1201 = ORIENTED_EDGE('',*,*,#1202,.F.);
#1202 = EDGE_CURVE('',#868,#1130,#1203,.T.);
#1203 = SURFACE_CURVE('',#1204,(#1208,#1215),.PCURVE_S1.);
#1204 = LINE('',#1205,#1206);
#1205 = CARTESIAN_POINT('',(-6.,34.,4.));
#1206 = VECTOR('',#1207,1.);
#1207 = DIRECTION('',(0.,1.,0.));
#1208 = PCURVE('',#911,#1209);
#1209 = DEFINITIONAL_REPRESENTATION('',(#1210),#1214);
#1210 = LINE('',#1211,#1212);
#1211 = CARTESIAN_POINT('',(0.,0.));
#1212 = VECTOR('',#1213,1.);
#1213 = DIRECTION('',(0.,1.));
#1214 = ( GEOMETRIC_REPRESENTATION_CONTEXT(2) 
PARAMETRIC_REPRESENTATION_CONTEXT() REPRESENTATION_CONTEXT('2D SPACE',''
  ) );
#1215 = PCURVE('',#883,#1216);
#1216 = DEFINITIONAL_REPRESENTATION('',(#1217),#1221);
#1217 = LINE('',#1218,#1219);
#1218 = CARTESIAN_POINT('',(8.,0.));
#1219 = VECTOR('',#1220,1.);
#1220 = DIRECTION('',(0.,-1.));
#1221 = ( GEOMETRIC_REPRESENTATION_CONTEXT(2) 
PARAMETRIC_REPRESENTATION_CONTEXT() REPRESENTATION_CONTEXT('2D SPACE',''
  ) );
#1222 = ORIENTED_EDGE('',*,*,#895,.T.);
#1223 = ORIENTED_EDGE('',*,*,#1224,.T.);
#1224 = EDGE_CURVE('',#896,#1153,#1225,.T.);
#1225 = SURFACE_CURVE('',#1226,(#1230,#1237),.PCURVE_S1.);
#1226 = LINE('',#1227,#1228);
#1227 = CARTESIAN_POINT('',(6.,34.,4.));
#1228 = VECTOR('',#1229,1.);
#1229 = DIRECTION('',(0.,1.,0.));
#1230 = PCURVE('',#911,#1231);
#1231 = DEFINITIONAL_REPRESENTATION('',(#1232),#1236);
#1232 = LINE('',#1233,#1234);
#1233 = CARTESIAN_POINT('',(12.,0.));
#1234 = VECTOR('',#1235,1.);
#1235 = DIRECTION('',(0.,1.));
#1236 = ( GEOMETRIC_REPRESENTATION_CONTEXT(2) 
PARAMETRIC_REPRESENTATION_CONTEXT() REPRESENTATION_CONTEXT('2D SPACE',''
  ) );
#1237 = PCURVE('',#937,#1238);
#1238 = DEFINITIONAL_REPRESENTATION('',(#1239),#1243);
#1239 = LINE('',#1240,#1241);
#1240 = CARTESIAN_POINT('',(8.,0.));
#1241 = VECTOR('',#1242,1.);
#1242 = DIRECTION('',(0.,-1.));
#1243 = ( GEOMETRIC_REPRESENTATION_CONTEXT(2) 
PARAMETRIC_REPRESENTATION_CONTEXT() REPRESENTATION_CONTEXT('2D SPACE',''
  ) );
#1244 = ORIENTED_EDGE('',*,*,#1152,.F.);
#1245 = ADVANCED_FACE('',(#1246),#883,.F.);
#1246 = FACE_BOUND('',#1247,.F.);
#1247 = EDGE_LOOP('',(#1248,#1249,#1270,#1271));
#1248 = ORIENTED_EDGE('',*,*,#867,.F.);
#1249 = ORIENTED_EDGE('',*,*,#1250,.T.);
#1250 = EDGE_CURVE('',#833,#1105,#1251,.T.);
#1251 = SURFACE_CURVE('',#1252,(#1256,#1263),.PCURVE_S1.);
#1252 = LINE('',#1253,#1254);
#1253 = CARTESIAN_POINT('',(-6.,34.,-4.));
#1254 = VECTOR('',#1255,1.);
#1255 = DIRECTION('',(0.,1.,0.));
#1256 = PCURVE('',#883,#1257);
#1257 = DEFINITIONAL_REPRESENTATION('',(#1258),#1262);
#1258 = LINE('',#1259,#1260);
#1259 = CARTESIAN_POINT('',(0.,0.));
#1260 = VECTOR('',#1261,1.);
#1261 = DIRECTION('',(0.,-1.));
#1262 = ( GEOMETRIC_REPRESENTATION_CONTEXT(2) 
PARAMETRIC_REPRESENTATION_CONTEXT() REPRESENTATION_CONTEXT('2D SPACE',''
  ) );
#1263 = PCURVE('',#855,#1264);
#1264 = DEFINITIONAL_REPRESENTATION('',(#1265),#1269);
#1265 = LINE('',#1266,#1267);
#1266 = CARTESIAN_POINT('',(0.,0.));
#1267 = VECTOR('',#1268,1.);
#1268 = DIRECTION('',(0.,1.));
#1269 = ( GEOMETRIC_REPRESENTATION_CONTEXT(2) 
PARAMETRIC_REPRESENTATION_CONTEXT() REPRESENTATION_CONTEXT('2D SPACE',''
  ) );
#1270 = ORIENTED_EDGE('',*,*,#1129,.T.);
#1271 = ORIENTED_EDGE('',*,*,#1202,.F.);
#1272 = ADVANCED_FACE('',(#1273),#937,.T.);
#1273 = FACE_BOUND('',#1274,.T.);
#1274 = EDGE_LOOP('',(#1275,#1276,#1297,#1298));
#1275 = ORIENTED_EDGE('',*,*,#923,.F.);
#1276 = ORIENTED_EDGE('',*,*,#1277,.T.);
#1277 = EDGE_CURVE('',#835,#1107,#1278,.T.);
#1278 = SURFACE_CURVE('',#1279,(#1283,#1290),.PCURVE_S1.);
#1279 = LINE('',#1280,#1281);
#1280 = CARTESIAN_POINT('',(6.,34.,-4.));
#1281 = VECTOR('',#1282,1.);
#1282 = DIRECTION('',(0.,1.,0.));
#1283 = PCURVE('',#937,#1284);
#1284 = DEFINITIONAL_REPRESENTATION('',(#1285),#1289);
#1285 = LINE('',#1286,#1287);
#1286 = CARTESIAN_POINT('',(0.,0.));
#1287 = VECTOR('',#1288,1.);
#1288 = DIRECTION('',(0.,-1.));
#1289 = ( GEOMETRIC_REPRESENTATION_CONTEXT(2) 
PARAMETRIC_REPRESENTATION_CONTEXT() REPRESENTATION_CONTEXT('2D SPACE',''
  ) );
#1290 = PCURVE('',#855,#1291);
#1291 = DEFINITIONAL_REPRESENTATION('',(#1292),#1296);
#1292 = LINE('',#1293,#1294);
#1293 = CARTESIAN_POINT('',(12.,0.));
#1294 = VECTOR('',#1295,1.);
#1295 = DIRECTION('',(0.,1.));
#1296 = ( GEOMETRIC_REPRESENTATION_CONTEXT(2) 
PARAMETRIC_REPRESENTATION_CONTEXT() REPRESENTATION_CONTEXT('2D SPACE',''
  ) );
#1297 = ORIENTED_EDGE('',*,*,#1175,.T.);
#1298 = ORIENTED_EDGE('',*,*,#1224,.F.);
#1299 = ADVANCED_FACE('',(#1300),#855,.F.);
#1300 = FACE_BOUND('',#1301,.F.);
#1301 = EDGE_LOOP('',(#1302,#1303,#1304,#1305));
#1302 = ORIENTED_EDGE('',*,*,#1250,.F.);
#1303 = ORIENTED_EDGE('',*,*,#832,.T.);
#1304 = ORIENTED_EDGE('',*,*,#1277,.T.);
#1305 = ORIENTED_EDGE('',*,*,#1104,.F.);
#1306 = ( GEOMETRIC_REPRESENTATION_CONTEXT(3) 
GLOBAL_UNCERTAINTY_ASSIGNED_CONTEXT((#1310)) 
GLOBAL_UNIT_ASSIGNED_CONTEXT((#1307,#1308,#1309)) REPRESENTATION_CONTEXT
('Context #1','3D Context with UNIT and UNCERTAINTY') );
#1307 = ( LENGTH_UNIT() NAMED_UNIT(*) SI_UNIT(.MILLI.,.METRE.) );
#1308 = ( NAMED_UNIT(*) PLANE_ANGLE_UNIT() SI_UNIT($,.RADIAN.) );
#1309 = ( NAMED_UNIT(*) SI_UNIT($,.STERADIAN.) SOLID_ANGLE_UNIT() );
#1310 = UNCERTAINTY_MEASURE_WITH_UNIT(LENGTH_MEASURE(1.E-07),#1307,
  'distance_accuracy_value','confusion accuracy');
#1311 = CONTEXT_DEPENDENT_SHAPE_REPRESENTATION(#1312,#1314);
#1312 = ( REPRESENTATION_RELATIONSHIP('','',#825,#10) 
REPRESENTATION_RELATIONSHIP_WITH_TRANSFORMATION(#1313) 
SHAPE_REPRESENTATION_RELATIONSHIP() );
#1313 = ITEM_DEFINED_TRANSFORMATION('','',#11,#19);
#1314 = PRODUCT_DEFINITION_SHAPE('Placement','Placement of an item',
  #1315);
#1315 = NEXT_ASSEMBLY_USAGE_OCCURRENCE('2','','',#5,#820,$);
#1316 = PRODUCT_RELATED_PRODUCT_CATEGORY('part',$,(#822));
#1317 = SHAPE_DEFINITION_REPRESENTATION(#1318,#1324);
#1318 = PRODUCT_DEFINITION_SHAPE('','',#1319);
#1319 = PRODUCT_DEFINITION('design','',#1320,#1323);
#1320 = PRODUCT_DEFINITION_FORMATION('','',#1321);
#1321 = PRODUCT('Open CASCADE STEP translator 7.9 55.3',
  'Open CASCADE STEP translator 7.9 55.3','',(#1322));
#1322 = PRODUCT_CONTEXT('',#2,'mechanical');
#1323 = PRODUCT_DEFINITION_CONTEXT('part definition',#2,'design');
#1324 = ADVANCED_BREP_SHAPE_REPRESENTATION('',(#11,#1325),#2703);
#1325 = MANIFOLD_SOLID_BREP('',#1326);
#1326 = CLOSED_SHELL('',(#1327,#1445,#1763,#1818,#1822,#1877,#1881,#1936
    ,#1940,#1995,#1999,#2070,#2120,#2169,#2223,#2272,#2304,#2332,#2467,
    #2522,#2526,#2581,#2585,#2640,#2644,#2699));
#1327 = ADVANCED_FACE('',(#1328),#1342,.F.);
#1328 = FACE_BOUND('',#1329,.F.);
#1329 = EDGE_LOOP('',(#1330,#1365,#1393,#1419));
#1330 = ORIENTED_EDGE('',*,*,#1331,.F.);
#1331 = EDGE_CURVE('',#1332,#1334,#1336,.T.);
#1332 = VERTEX_POINT('',#1333);
#1333 = CARTESIAN_POINT('',(-47.5,-33.5,6.3));
#1334 = VERTEX_POINT('',#1335);
#1335 = CARTESIAN_POINT('',(-47.5,33.5,6.3));
#1336 = SURFACE_CURVE('',#1337,(#1341,#1353),.PCURVE_S1.);
#1337 = LINE('',#1338,#1339);
#1338 = CARTESIAN_POINT('',(-47.5,-35.,6.3));
#1339 = VECTOR('',#1340,1.);
#1340 = DIRECTION('',(0.,1.,0.));
#1341 = PCURVE('',#1342,#1347);
#1342 = PLANE('',#1343);
#1343 = AXIS2_PLACEMENT_3D('',#1344,#1345,#1346);
#1344 = CARTESIAN_POINT('',(-47.5,-35.,-6.3));
#1345 = DIRECTION('',(1.,0.,0.));
#1346 = DIRECTION('',(0.,0.,1.));
#1347 = DEFINITIONAL_REPRESENTATION('',(#1348),#1352);
#1348 = LINE('',#1349,#1350);
#1349 = CARTESIAN_POINT('',(12.6,0.));
#1350 = VECTOR('',#1351,1.);
#1351 = DIRECTION('',(0.,-1.));
#1352 = ( GEOMETRIC_REPRESENTATION_CONTEXT(2) 
PARAMETRIC_REPRESENTATION_CONTEXT() REPRESENTATION_CONTEXT('2D SPACE',''
  ) );
#1353 = PCURVE('',#1354,#1359);
#1354 = PLANE('',#1355);
#1355 = AXIS2_PLACEMENT_3D('',#1356,#1357,#1358);
#1356 = CARTESIAN_POINT('',(-47.5,-35.,6.3));
#1357 = DIRECTION('',(0.,0.,1.));
#1358 = DIRECTION('',(1.,0.,0.));
#1359 = DEFINITIONAL_REPRESENTATION('',(#1360),#1364);
#1360 = LINE('',#1361,#1362);
#1361 = CARTESIAN_POINT('',(0.,0.));
#1362 = VECTOR('',#1363,1.);
#1363 = DIRECTION('',(0.,1.));
#1364 = ( GEOMETRIC_REPRESENTATION_CONTEXT(2) 
PARAMETRIC_REPRESENTATION_CONTEXT() REPRESENTATION_CONTEXT('2D SPACE',''
  ) );
#1365 = ORIENTED_EDGE('',*,*,#1366,.F.);
#1366 = EDGE_CURVE('',#1367,#1332,#1369,.T.);
#1367 = VERTEX_POINT('',#1368);
#1368 = CARTESIAN_POINT('',(-47.5,-33.5,4.8));
#1369 = SURFACE_CURVE('',#1370,(#1374,#1381),.PCURVE_S1.);
#1370 = LINE('',#1371,#1372);
#1371 = CARTESIAN_POINT('',(-47.5,-33.5,4.8));
#1372 = VECTOR('',#1373,1.);
#1373 = DIRECTION('',(0.,0.,1.));
#1374 = PCURVE('',#1342,#1375);
#1375 = DEFINITIONAL_REPRESENTATION('',(#1376),#1380);
#1376 = LINE('',#1377,#1378);
#1377 = CARTESIAN_POINT('',(11.1,-1.5));
#1378 = VECTOR('',#1379,1.);
#1379 = DIRECTION('',(1.,0.));
#1380 = ( GEOMETRIC_REPRESENTATION_CONTEXT(2) 
PARAMETRIC_REPRESENTATION_CONTEXT() REPRESENTATION_CONTEXT('2D SPACE',''
  ) );
#1381 = PCURVE('',#1382,#1387);
#1382 = CYLINDRICAL_SURFACE('',#1383,1.5);
#1383 = AXIS2_PLACEMENT_3D('',#1384,#1385,#1386);
#1384 = CARTESIAN_POINT('',(-46.,-33.5,4.8));
#1385 = DIRECTION('',(0.,0.,1.));
#1386 = DIRECTION('',(-1.,-0.,0.));
#1387 = DEFINITIONAL_REPRESENTATION('',(#1388),#1392);
#1388 = LINE('',#1389,#1390);
#1389 = CARTESIAN_POINT('',(0.,0.));
#1390 = VECTOR('',#1391,1.);
#1391 = DIRECTION('',(0.,1.));
#1392 = ( GEOMETRIC_REPRESENTATION_CONTEXT(2) 
PARAMETRIC_REPRESENTATION_CONTEXT() REPRESENTATION_CONTEXT('2D SPACE',''
  ) );
#1393 = ORIENTED_EDGE('',*,*,#1394,.F.);
#1394 = EDGE_CURVE('',#1395,#1367,#1397,.T.);
#1395 = VERTEX_POINT('',#1396);
#1396 = CARTESIAN_POINT('',(-47.5,33.5,4.8));
#1397 = SURFACE_CURVE('',#1398,(#1402,#1408),.PCURVE_S1.);
#1398 = LINE('',#1399,#1400);
#1399 = CARTESIAN_POINT('',(-47.5,-35.75,4.8));
#1400 = VECTOR('',#1401,1.);
#1401 = DIRECTION('',(0.,-1.,0.));
#1402 = PCURVE('',#1342,#1403);
#1403 = DEFINITIONAL_REPRESENTATION('',(#1404),#1407);
#1404 = B_SPLINE_CURVE_WITH_KNOTS('',1,(#1405,#1406),.UNSPECIFIED.,.F.,
  .F.,(2,2),(-70.75,-0.75),.PIECEWISE_BEZIER_KNOTS.);
#1405 = CARTESIAN_POINT('',(11.1,-70.));
#1406 = CARTESIAN_POINT('',(11.1,0.));
#1407 = ( GEOMETRIC_REPRESENTATION_CONTEXT(2) 
PARAMETRIC_REPRESENTATION_CONTEXT() REPRESENTATION_CONTEXT('2D SPACE',''
  ) );
#1408 = PCURVE('',#1409,#1414);
#1409 = PLANE('',#1410);
#1410 = AXIS2_PLACEMENT_3D('',#1411,#1412,#1413);
#1411 = CARTESIAN_POINT('',(-74.5,-36.5,4.8));
#1412 = DIRECTION('',(0.,0.,1.));
#1413 = DIRECTION('',(1.,0.,0.));
#1414 = DEFINITIONAL_REPRESENTATION('',(#1415),#1418);
#1415 = B_SPLINE_CURVE_WITH_KNOTS('',1,(#1416,#1417),.UNSPECIFIED.,.F.,
  .F.,(2,2),(-70.75,-0.75),.PIECEWISE_BEZIER_KNOTS.);
#1416 = CARTESIAN_POINT('',(27.,71.5));
#1417 = CARTESIAN_POINT('',(27.,1.5));
#1418 = ( GEOMETRIC_REPRESENTATION_CONTEXT(2) 
PARAMETRIC_REPRESENTATION_CONTEXT() REPRESENTATION_CONTEXT('2D SPACE',''
  ) );
#1419 = ORIENTED_EDGE('',*,*,#1420,.T.);
#1420 = EDGE_CURVE('',#1395,#1334,#1421,.T.);
#1421 = SURFACE_CURVE('',#1422,(#1426,#1433),.PCURVE_S1.);
#1422 = LINE('',#1423,#1424);
#1423 = CARTESIAN_POINT('',(-47.5,33.5,4.8));
#1424 = VECTOR('',#1425,1.);
#1425 = DIRECTION('',(0.,0.,1.));
#1426 = PCURVE('',#1342,#1427);
#1427 = DEFINITIONAL_REPRESENTATION('',(#1428),#1432);
#1428 = LINE('',#1429,#1430);
#1429 = CARTESIAN_POINT('',(11.1,-68.5));
#1430 = VECTOR('',#1431,1.);
#1431 = DIRECTION('',(1.,0.));
#1432 = ( GEOMETRIC_REPRESENTATION_CONTEXT(2) 
PARAMETRIC_REPRESENTATION_CONTEXT() REPRESENTATION_CONTEXT('2D SPACE',''
  ) );
#1433 = PCURVE('',#1434,#1439);
#1434 = CYLINDRICAL_SURFACE('',#1435,1.5);
#1435 = AXIS2_PLACEMENT_3D('',#1436,#1437,#1438);
#1436 = CARTESIAN_POINT('',(-46.,33.5,4.8));
#1437 = DIRECTION('',(0.,0.,1.));
#1438 = DIRECTION('',(-1.,-0.,0.));
#1439 = DEFINITIONAL_REPRESENTATION('',(#1440),#1444);
#1440 = LINE('',#1441,#1442);
#1441 = CARTESIAN_POINT('',(-0.,0.));
#1442 = VECTOR('',#1443,1.);
#1443 = DIRECTION('',(-0.,1.));
#1444 = ( GEOMETRIC_REPRESENTATION_CONTEXT(2) 
PARAMETRIC_REPRESENTATION_CONTEXT() REPRESENTATION_CONTEXT('2D SPACE',''
  ) );
#1445 = ADVANCED_FACE('',(#1446,#1639,#1670,#1701,#1732),#1409,.F.);
#1446 = FACE_BOUND('',#1447,.F.);
#1447 = EDGE_LOOP('',(#1448,#1476,#1502,#1503,#1527,#1553,#1582,#1608));
#1448 = ORIENTED_EDGE('',*,*,#1449,.F.);
#1449 = EDGE_CURVE('',#1450,#1452,#1454,.T.);
#1450 = VERTEX_POINT('',#1451);
#1451 = CARTESIAN_POINT('',(-46.,35.,4.8));
#1452 = VERTEX_POINT('',#1453);
#1453 = CARTESIAN_POINT('',(46.,35.,4.8));
#1454 = SURFACE_CURVE('',#1455,(#1459,#1465),.PCURVE_S1.);
#1455 = LINE('',#1456,#1457);
#1456 = CARTESIAN_POINT('',(-61.,35.,4.8));
#1457 = VECTOR('',#1458,1.);
#1458 = DIRECTION('',(1.,0.,0.));
#1459 = PCURVE('',#1409,#1460);
#1460 = DEFINITIONAL_REPRESENTATION('',(#1461),#1464);
#1461 = B_SPLINE_CURVE_WITH_KNOTS('',1,(#1462,#1463),.UNSPECIFIED.,.F.,
  .F.,(2,2),(13.5,108.5),.PIECEWISE_BEZIER_KNOTS.);
#1462 = CARTESIAN_POINT('',(27.,71.5));
#1463 = CARTESIAN_POINT('',(122.,71.5));
#1464 = ( GEOMETRIC_REPRESENTATION_CONTEXT(2) 
PARAMETRIC_REPRESENTATION_CONTEXT() REPRESENTATION_CONTEXT('2D SPACE',''
  ) );
#1465 = PCURVE('',#1466,#1471);
#1466 = PLANE('',#1467);
#1467 = AXIS2_PLACEMENT_3D('',#1468,#1469,#1470);
#1468 = CARTESIAN_POINT('',(-47.5,35.,-6.3));
#1469 = DIRECTION('',(0.,1.,0.));
#1470 = DIRECTION('',(0.,0.,1.));
#1471 = DEFINITIONAL_REPRESENTATION('',(#1472),#1475);
#1472 = B_SPLINE_CURVE_WITH_KNOTS('',1,(#1473,#1474),.UNSPECIFIED.,.F.,
  .F.,(2,2),(13.5,108.5),.PIECEWISE_BEZIER_KNOTS.);
#1473 = CARTESIAN_POINT('',(11.1,0.));
#1474 = CARTESIAN_POINT('',(11.1,95.));
#1475 = ( GEOMETRIC_REPRESENTATION_CONTEXT(2) 
PARAMETRIC_REPRESENTATION_CONTEXT() REPRESENTATION_CONTEXT('2D SPACE',''
  ) );
#1476 = ORIENTED_EDGE('',*,*,#1477,.F.);
#1477 = EDGE_CURVE('',#1395,#1450,#1478,.T.);
#1478 = SURFACE_CURVE('',#1479,(#1484,#1495),.PCURVE_S1.);
#1479 = CIRCLE('',#1480,1.5);
#1480 = AXIS2_PLACEMENT_3D('',#1481,#1482,#1483);
#1481 = CARTESIAN_POINT('',(-46.,33.5,4.8));
#1482 = DIRECTION('',(-0.,-0.,-1.));
#1483 = DIRECTION('',(0.,-1.,0.));
#1484 = PCURVE('',#1409,#1485);
#1485 = DEFINITIONAL_REPRESENTATION('',(#1486),#1494);
#1486 = ( BOUNDED_CURVE() B_SPLINE_CURVE(2,(#1487,#1488,#1489,#1490,
#1491,#1492,#1493),.UNSPECIFIED.,.T.,.F.) B_SPLINE_CURVE_WITH_KNOTS((1,2
    ,2,2,2,1),(-2.094395102393,0.,2.094395102393,4.188790204786,
6.28318530718,8.377580409573),.UNSPECIFIED.) CURVE() 
GEOMETRIC_REPRESENTATION_ITEM() RATIONAL_B_SPLINE_CURVE((1.,0.5,1.,0.5,
1.,0.5,1.)) REPRESENTATION_ITEM('') );
#1487 = CARTESIAN_POINT('',(28.5,68.5));
#1488 = CARTESIAN_POINT('',(25.901923788647,68.5));
#1489 = CARTESIAN_POINT('',(27.200961894323,70.75));
#1490 = CARTESIAN_POINT('',(28.5,73.));
#1491 = CARTESIAN_POINT('',(29.799038105677,70.75));
#1492 = CARTESIAN_POINT('',(31.098076211353,68.5));
#1493 = CARTESIAN_POINT('',(28.5,68.5));
#1494 = ( GEOMETRIC_REPRESENTATION_CONTEXT(2) 
PARAMETRIC_REPRESENTATION_CONTEXT() REPRESENTATION_CONTEXT('2D SPACE',''
  ) );
#1495 = PCURVE('',#1434,#1496);
#1496 = DEFINITIONAL_REPRESENTATION('',(#1497),#1501);
#1497 = LINE('',#1498,#1499);
#1498 = CARTESIAN_POINT('',(1.570796326795,-0.));
#1499 = VECTOR('',#1500,1.);
#1500 = DIRECTION('',(-1.,0.));
#1501 = ( GEOMETRIC_REPRESENTATION_CONTEXT(2) 
PARAMETRIC_REPRESENTATION_CONTEXT() REPRESENTATION_CONTEXT('2D SPACE',''
  ) );
#1502 = ORIENTED_EDGE('',*,*,#1394,.T.);
#1503 = ORIENTED_EDGE('',*,*,#1504,.T.);
#1504 = EDGE_CURVE('',#1367,#1505,#1507,.T.);
#1505 = VERTEX_POINT('',#1506);
#1506 = CARTESIAN_POINT('',(-46.,-35.,4.8));
#1507 = SURFACE_CURVE('',#1508,(#1513,#1520),.PCURVE_S1.);
#1508 = CIRCLE('',#1509,1.5);
#1509 = AXIS2_PLACEMENT_3D('',#1510,#1511,#1512);
#1510 = CARTESIAN_POINT('',(-46.,-33.5,4.8));
#1511 = DIRECTION('',(0.,0.,1.));
#1512 = DIRECTION('',(0.,-1.,0.));
#1513 = PCURVE('',#1409,#1514);
#1514 = DEFINITIONAL_REPRESENTATION('',(#1515),#1519);
#1515 = CIRCLE('',#1516,1.5);
#1516 = AXIS2_PLACEMENT_2D('',#1517,#1518);
#1517 = CARTESIAN_POINT('',(28.5,3.));
#1518 = DIRECTION('',(0.,-1.));
#1519 = ( GEOMETRIC_REPRESENTATION_CONTEXT(2) 
PARAMETRIC_REPRESENTATION_CONTEXT() REPRESENTATION_CONTEXT('2D SPACE',''
  ) );
#1520 = PCURVE('',#1382,#1521);
#1521 = DEFINITIONAL_REPRESENTATION('',(#1522),#1526);
#1522 = LINE('',#1523,#1524);
#1523 = CARTESIAN_POINT('',(-4.712388980385,0.));
#1524 = VECTOR('',#1525,1.);
#1525 = DIRECTION('',(1.,0.));
#1526 = ( GEOMETRIC_REPRESENTATION_CONTEXT(2) 
PARAMETRIC_REPRESENTATION_CONTEXT() REPRESENTATION_CONTEXT('2D SPACE',''
  ) );
#1527 = ORIENTED_EDGE('',*,*,#1528,.T.);
#1528 = EDGE_CURVE('',#1505,#1529,#1531,.T.);
#1529 = VERTEX_POINT('',#1530);
#1530 = CARTESIAN_POINT('',(46.,-35.,4.8));
#1531 = SURFACE_CURVE('',#1532,(#1536,#1542),.PCURVE_S1.);
#1532 = LINE('',#1533,#1534);
#1533 = CARTESIAN_POINT('',(-61.,-35.,4.8));
#1534 = VECTOR('',#1535,1.);
#1535 = DIRECTION('',(1.,0.,0.));
#1536 = PCURVE('',#1409,#1537);
#1537 = DEFINITIONAL_REPRESENTATION('',(#1538),#1541);
#1538 = B_SPLINE_CURVE_WITH_KNOTS('',1,(#1539,#1540),.UNSPECIFIED.,.F.,
  .F.,(2,2),(13.5,108.5),.PIECEWISE_BEZIER_KNOTS.);
#1539 = CARTESIAN_POINT('',(27.,1.5));
#1540 = CARTESIAN_POINT('',(122.,1.5));
#1541 = ( GEOMETRIC_REPRESENTATION_CONTEXT(2) 
PARAMETRIC_REPRESENTATION_CONTEXT() REPRESENTATION_CONTEXT('2D SPACE',''
  ) );
#1542 = PCURVE('',#1543,#1548);
#1543 = PLANE('',#1544);
#1544 = AXIS2_PLACEMENT_3D('',#1545,#1546,#1547);
#1545 = CARTESIAN_POINT('',(-47.5,-35.,-6.3));
#1546 = DIRECTION('',(0.,1.,0.));
#1547 = DIRECTION('',(0.,0.,1.));
#1548 = DEFINITIONAL_REPRESENTATION('',(#1549),#1552);
#1549 = B_SPLINE_CURVE_WITH_KNOTS('',1,(#1550,#1551),.UNSPECIFIED.,.F.,
  .F.,(2,2),(13.5,108.5),.PIECEWISE_BEZIER_KNOTS.);
#1550 = CARTESIAN_POINT('',(11.1,0.));
#1551 = CARTESIAN_POINT('',(11.1,95.));
#1552 = ( GEOMETRIC_REPRESENTATION_CONTEXT(2) 
PARAMETRIC_REPRESENTATION_CONTEXT() REPRESENTATION_CONTEXT('2D SPACE',''
  ) );
#1553 = ORIENTED_EDGE('',*,*,#1554,.T.);
#1554 = EDGE_CURVE('',#1529,#1555,#1557,.T.);
#1555 = VERTEX_POINT('',#1556);
#1556 = CARTESIAN_POINT('',(47.5,-33.5,4.8));
#1557 = SURFACE_CURVE('',#1558,(#1563,#1570),.PCURVE_S1.);
#1558 = CIRCLE('',#1559,1.5);
#1559 = AXIS2_PLACEMENT_3D('',#1560,#1561,#1562);
#1560 = CARTESIAN_POINT('',(46.,-33.5,4.8));
#1561 = DIRECTION('',(0.,0.,1.));
#1562 = DIRECTION('',(0.,-1.,0.));
#1563 = PCURVE('',#1409,#1564);
#1564 = DEFINITIONAL_REPRESENTATION('',(#1565),#1569);
#1565 = CIRCLE('',#1566,1.5);
#1566 = AXIS2_PLACEMENT_2D('',#1567,#1568);
#1567 = CARTESIAN_POINT('',(120.5,3.));
#1568 = DIRECTION('',(0.,-1.));
#1569 = ( GEOMETRIC_REPRESENTATION_CONTEXT(2) 
PARAMETRIC_REPRESENTATION_CONTEXT() REPRESENTATION_CONTEXT('2D SPACE',''
  ) );
#1570 = PCURVE('',#1571,#1576);
#1571 = CYLINDRICAL_SURFACE('',#1572,1.5);
#1572 = AXIS2_PLACEMENT_3D('',#1573,#1574,#1575);
#1573 = CARTESIAN_POINT('',(46.,-33.5,4.8));
#1574 = DIRECTION('',(0.,0.,1.));
#1575 = DIRECTION('',(0.,-1.,0.));
#1576 = DEFINITIONAL_REPRESENTATION('',(#1577),#1581);
#1577 = LINE('',#1578,#1579);
#1578 = CARTESIAN_POINT('',(0.,0.));
#1579 = VECTOR('',#1580,1.);
#1580 = DIRECTION('',(1.,0.));
#1581 = ( GEOMETRIC_REPRESENTATION_CONTEXT(2) 
PARAMETRIC_REPRESENTATION_CONTEXT() REPRESENTATION_CONTEXT('2D SPACE',''
  ) );
#1582 = ORIENTED_EDGE('',*,*,#1583,.F.);
#1583 = EDGE_CURVE('',#1584,#1555,#1586,.T.);
#1584 = VERTEX_POINT('',#1585);
#1585 = CARTESIAN_POINT('',(47.5,33.5,4.8));
#1586 = SURFACE_CURVE('',#1587,(#1591,#1597),.PCURVE_S1.);
#1587 = LINE('',#1588,#1589);
#1588 = CARTESIAN_POINT('',(47.5,-35.75,4.8));
#1589 = VECTOR('',#1590,1.);
#1590 = DIRECTION('',(0.,-1.,0.));
#1591 = PCURVE('',#1409,#1592);
#1592 = DEFINITIONAL_REPRESENTATION('',(#1593),#1596);
#1593 = B_SPLINE_CURVE_WITH_KNOTS('',1,(#1594,#1595),.UNSPECIFIED.,.F.,
  .F.,(2,2),(-70.75,-0.75),.PIECEWISE_BEZIER_KNOTS.);
#1594 = CARTESIAN_POINT('',(122.,71.5));
#1595 = CARTESIAN_POINT('',(122.,1.5));
#1596 = ( GEOMETRIC_REPRESENTATION_CONTEXT(2) 
PARAMETRIC_REPRESENTATION_CONTEXT() REPRESENTATION_CONTEXT('2D SPACE',''
  ) );
#1597 = PCURVE('',#1598,#1603);
#1598 = PLANE('',#1599);
#1599 = AXIS2_PLACEMENT_3D('',#1600,#1601,#1602);
#1600 = CARTESIAN_POINT('',(47.5,-35.,-6.3));
#1601 = DIRECTION('',(1.,0.,0.));
#1602 = DIRECTION('',(0.,0.,1.));
#1603 = DEFINITIONAL_REPRESENTATION('',(#1604),#1607);
#1604 = B_SPLINE_CURVE_WITH_KNOTS('',1,(#1605,#1606),.UNSPECIFIED.,.F.,
  .F.,(2,2),(-70.75,-0.75),.PIECEWISE_BEZIER_KNOTS.);
#1605 = CARTESIAN_POINT('',(11.1,-70.));
#1606 = CARTESIAN_POINT('',(11.1,0.));
#1607 = ( GEOMETRIC_REPRESENTATION_CONTEXT(2) 
PARAMETRIC_REPRESENTATION_CONTEXT() REPRESENTATION_CONTEXT('2D SPACE',''
  ) );
#1608 = ORIENTED_EDGE('',*,*,#1609,.F.);
#1609 = EDGE_CURVE('',#1452,#1584,#1610,.T.);
#1610 = SURFACE_CURVE('',#1611,(#1616,#1627),.PCURVE_S1.);
#1611 = CIRCLE('',#1612,1.5);
#1612 = AXIS2_PLACEMENT_3D('',#1613,#1614,#1615);
#1613 = CARTESIAN_POINT('',(46.,33.5,4.8));
#1614 = DIRECTION('',(-0.,-0.,-1.));
#1615 = DIRECTION('',(0.,-1.,0.));
#1616 = PCURVE('',#1409,#1617);
#1617 = DEFINITIONAL_REPRESENTATION('',(#1618),#1626);
#1618 = ( BOUNDED_CURVE() B_SPLINE_CURVE(2,(#1619,#1620,#1621,#1622,
#1623,#1624,#1625),.UNSPECIFIED.,.T.,.F.) B_SPLINE_CURVE_WITH_KNOTS((1,2
    ,2,2,2,1),(-2.094395102393,0.,2.094395102393,4.188790204786,
6.28318530718,8.377580409573),.UNSPECIFIED.) CURVE() 
GEOMETRIC_REPRESENTATION_ITEM() RATIONAL_B_SPLINE_CURVE((1.,0.5,1.,0.5,
1.,0.5,1.)) REPRESENTATION_ITEM('') );
#1619 = CARTESIAN_POINT('',(120.5,68.5));
#1620 = CARTESIAN_POINT('',(117.90192378864,68.5));
#1621 = CARTESIAN_POINT('',(119.20096189432,70.75));
#1622 = CARTESIAN_POINT('',(120.5,73.));
#1623 = CARTESIAN_POINT('',(121.79903810567,70.75));
#1624 = CARTESIAN_POINT('',(123.09807621135,68.5));
#1625 = CARTESIAN_POINT('',(120.5,68.5));
#1626 = ( GEOMETRIC_REPRESENTATION_CONTEXT(2) 
PARAMETRIC_REPRESENTATION_CONTEXT() REPRESENTATION_CONTEXT('2D SPACE',''
  ) );
#1627 = PCURVE('',#1628,#1633);
#1628 = CYLINDRICAL_SURFACE('',#1629,1.5);
#1629 = AXIS2_PLACEMENT_3D('',#1630,#1631,#1632);
#1630 = CARTESIAN_POINT('',(46.,33.5,4.8));
#1631 = DIRECTION('',(0.,0.,1.));
#1632 = DIRECTION('',(0.,1.,0.));
#1633 = DEFINITIONAL_REPRESENTATION('',(#1634),#1638);
#1634 = LINE('',#1635,#1636);
#1635 = CARTESIAN_POINT('',(3.14159265359,-0.));
#1636 = VECTOR('',#1637,1.);
#1637 = DIRECTION('',(-1.,0.));
#1638 = ( GEOMETRIC_REPRESENTATION_CONTEXT(2) 
PARAMETRIC_REPRESENTATION_CONTEXT() REPRESENTATION_CONTEXT('2D SPACE',''
  ) );
#1639 = FACE_BOUND('',#1640,.F.);
#1640 = EDGE_LOOP('',(#1641));
#1641 = ORIENTED_EDGE('',*,*,#1642,.F.);
#1642 = EDGE_CURVE('',#1643,#1643,#1645,.T.);
#1643 = VERTEX_POINT('',#1644);
#1644 = CARTESIAN_POINT('',(-35.5,-27.,4.8));
#1645 = SURFACE_CURVE('',#1646,(#1651,#1658),.PCURVE_S1.);
#1646 = CIRCLE('',#1647,4.);
#1647 = AXIS2_PLACEMENT_3D('',#1648,#1649,#1650);
#1648 = CARTESIAN_POINT('',(-39.5,-27.,4.8));
#1649 = DIRECTION('',(0.,0.,1.));
#1650 = DIRECTION('',(1.,0.,-0.));
#1651 = PCURVE('',#1409,#1652);
#1652 = DEFINITIONAL_REPRESENTATION('',(#1653),#1657);
#1653 = CIRCLE('',#1654,4.);
#1654 = AXIS2_PLACEMENT_2D('',#1655,#1656);
#1655 = CARTESIAN_POINT('',(35.,9.5));
#1656 = DIRECTION('',(1.,0.));
#1657 = ( GEOMETRIC_REPRESENTATION_CONTEXT(2) 
PARAMETRIC_REPRESENTATION_CONTEXT() REPRESENTATION_CONTEXT('2D SPACE',''
  ) );
#1658 = PCURVE('',#1659,#1664);
#1659 = CYLINDRICAL_SURFACE('',#1660,4.);
#1660 = AXIS2_PLACEMENT_3D('',#1661,#1662,#1663);
#1661 = CARTESIAN_POINT('',(-39.5,-27.,3.55));
#1662 = DIRECTION('',(0.,0.,1.));
#1663 = DIRECTION('',(1.,0.,0.));
#1664 = DEFINITIONAL_REPRESENTATION('',(#1665),#1669);
#1665 = LINE('',#1666,#1667);
#1666 = CARTESIAN_POINT('',(0.,1.25));
#1667 = VECTOR('',#1668,1.);
#1668 = DIRECTION('',(1.,0.));
#1669 = ( GEOMETRIC_REPRESENTATION_CONTEXT(2) 
PARAMETRIC_REPRESENTATION_CONTEXT() REPRESENTATION_CONTEXT('2D SPACE',''
  ) );
#1670 = FACE_BOUND('',#1671,.F.);
#1671 = EDGE_LOOP('',(#1672));
#1672 = ORIENTED_EDGE('',*,*,#1673,.F.);
#1673 = EDGE_CURVE('',#1674,#1674,#1676,.T.);
#1674 = VERTEX_POINT('',#1675);
#1675 = CARTESIAN_POINT('',(43.5,-27.,4.8));
#1676 = SURFACE_CURVE('',#1677,(#1682,#1689),.PCURVE_S1.);
#1677 = CIRCLE('',#1678,4.);
#1678 = AXIS2_PLACEMENT_3D('',#1679,#1680,#1681);
#1679 = CARTESIAN_POINT('',(39.5,-27.,4.8));
#1680 = DIRECTION('',(0.,0.,1.));
#1681 = DIRECTION('',(1.,0.,-0.));
#1682 = PCURVE('',#1409,#1683);
#1683 = DEFINITIONAL_REPRESENTATION('',(#1684),#1688);
#1684 = CIRCLE('',#1685,4.);
#1685 = AXIS2_PLACEMENT_2D('',#1686,#1687);
#1686 = CARTESIAN_POINT('',(114.,9.5));
#1687 = DIRECTION('',(1.,0.));
#1688 = ( GEOMETRIC_REPRESENTATION_CONTEXT(2) 
PARAMETRIC_REPRESENTATION_CONTEXT() REPRESENTATION_CONTEXT('2D SPACE',''
  ) );
#1689 = PCURVE('',#1690,#1695);
#1690 = CYLINDRICAL_SURFACE('',#1691,4.);
#1691 = AXIS2_PLACEMENT_3D('',#1692,#1693,#1694);
#1692 = CARTESIAN_POINT('',(39.5,-27.,3.55));
#1693 = DIRECTION('',(0.,0.,1.));
#1694 = DIRECTION('',(1.,0.,0.));
#1695 = DEFINITIONAL_REPRESENTATION('',(#1696),#1700);
#1696 = LINE('',#1697,#1698);
#1697 = CARTESIAN_POINT('',(0.,1.25));
#1698 = VECTOR('',#1699,1.);
#1699 = DIRECTION('',(1.,0.));
#1700 = ( GEOMETRIC_REPRESENTATION_CONTEXT(2) 
PARAMETRIC_REPRESENTATION_CONTEXT() REPRESENTATION_CONTEXT('2D SPACE',''
  ) );
#1701 = FACE_BOUND('',#1702,.F.);
#1702 = EDGE_LOOP('',(#1703));
#1703 = ORIENTED_EDGE('',*,*,#1704,.F.);
#1704 = EDGE_CURVE('',#1705,#1705,#1707,.T.);
#1705 = VERTEX_POINT('',#1706);
#1706 = CARTESIAN_POINT('',(-35.5,27.,4.8));
#1707 = SURFACE_CURVE('',#1708,(#1713,#1720),.PCURVE_S1.);
#1708 = CIRCLE('',#1709,4.);
#1709 = AXIS2_PLACEMENT_3D('',#1710,#1711,#1712);
#1710 = CARTESIAN_POINT('',(-39.5,27.,4.8));
#1711 = DIRECTION('',(0.,0.,1.));
#1712 = DIRECTION('',(1.,0.,-0.));
#1713 = PCURVE('',#1409,#1714);
#1714 = DEFINITIONAL_REPRESENTATION('',(#1715),#1719);
#1715 = CIRCLE('',#1716,4.);
#1716 = AXIS2_PLACEMENT_2D('',#1717,#1718);
#1717 = CARTESIAN_POINT('',(35.,63.5));
#1718 = DIRECTION('',(1.,0.));
#1719 = ( GEOMETRIC_REPRESENTATION_CONTEXT(2) 
PARAMETRIC_REPRESENTATION_CONTEXT() REPRESENTATION_CONTEXT('2D SPACE',''
  ) );
#1720 = PCURVE('',#1721,#1726);
#1721 = CYLINDRICAL_SURFACE('',#1722,4.);
#1722 = AXIS2_PLACEMENT_3D('',#1723,#1724,#1725);
#1723 = CARTESIAN_POINT('',(-39.5,27.,3.55));
#1724 = DIRECTION('',(0.,0.,1.));
#1725 = DIRECTION('',(1.,0.,0.));
#1726 = DEFINITIONAL_REPRESENTATION('',(#1727),#1731);
#1727 = LINE('',#1728,#1729);
#1728 = CARTESIAN_POINT('',(0.,1.25));
#1729 = VECTOR('',#1730,1.);
#1730 = DIRECTION('',(1.,0.));
#1731 = ( GEOMETRIC_REPRESENTATION_CONTEXT(2) 
PARAMETRIC_REPRESENTATION_CONTEXT() REPRESENTATION_CONTEXT('2D SPACE',''
  ) );
#1732 = FACE_BOUND('',#1733,.F.);
#1733 = EDGE_LOOP('',(#1734));
#1734 = ORIENTED_EDGE('',*,*,#1735,.F.);
#1735 = EDGE_CURVE('',#1736,#1736,#1738,.T.);
#1736 = VERTEX_POINT('',#1737);
#1737 = CARTESIAN_POINT('',(43.5,27.,4.8));
#1738 = SURFACE_CURVE('',#1739,(#1744,#1751),.PCURVE_S1.);
#1739 = CIRCLE('',#1740,4.);
#1740 = AXIS2_PLACEMENT_3D('',#1741,#1742,#1743);
#1741 = CARTESIAN_POINT('',(39.5,27.,4.8));
#1742 = DIRECTION('',(0.,0.,1.));
#1743 = DIRECTION('',(1.,0.,-0.));
#1744 = PCURVE('',#1409,#1745);
#1745 = DEFINITIONAL_REPRESENTATION('',(#1746),#1750);
#1746 = CIRCLE('',#1747,4.);
#1747 = AXIS2_PLACEMENT_2D('',#1748,#1749);
#1748 = CARTESIAN_POINT('',(114.,63.5));
#1749 = DIRECTION('',(1.,0.));
#1750 = ( GEOMETRIC_REPRESENTATION_CONTEXT(2) 
PARAMETRIC_REPRESENTATION_CONTEXT() REPRESENTATION_CONTEXT('2D SPACE',''
  ) );
#1751 = PCURVE('',#1752,#1757);
#1752 = CYLINDRICAL_SURFACE('',#1753,4.);
#1753 = AXIS2_PLACEMENT_3D('',#1754,#1755,#1756);
#1754 = CARTESIAN_POINT('',(39.5,27.,3.55));
#1755 = DIRECTION('',(0.,0.,1.));
#1756 = DIRECTION('',(1.,0.,0.));
#1757 = DEFINITIONAL_REPRESENTATION('',(#1758),#1762);
#1758 = LINE('',#1759,#1760);
#1759 = CARTESIAN_POINT('',(0.,1.25));
#1760 = VECTOR('',#1761,1.);
#1761 = DIRECTION('',(1.,0.));
#1762 = ( GEOMETRIC_REPRESENTATION_CONTEXT(2) 
PARAMETRIC_REPRESENTATION_CONTEXT() REPRESENTATION_CONTEXT('2D SPACE',''
  ) );
#1763 = ADVANCED_FACE('',(#1764),#1752,.T.);
#1764 = FACE_BOUND('',#1765,.T.);
#1765 = EDGE_LOOP('',(#1766,#1767,#1790,#1817));
#1766 = ORIENTED_EDGE('',*,*,#1735,.F.);
#1767 = ORIENTED_EDGE('',*,*,#1768,.F.);
#1768 = EDGE_CURVE('',#1769,#1736,#1771,.T.);
#1769 = VERTEX_POINT('',#1770);
#1770 = CARTESIAN_POINT('',(43.5,27.,3.55));
#1771 = SEAM_CURVE('',#1772,(#1776,#1783),.PCURVE_S1.);
#1772 = LINE('',#1773,#1774);
#1773 = CARTESIAN_POINT('',(43.5,27.,3.55));
#1774 = VECTOR('',#1775,1.);
#1775 = DIRECTION('',(0.,0.,1.));
#1776 = PCURVE('',#1752,#1777);
#1777 = DEFINITIONAL_REPRESENTATION('',(#1778),#1782);
#1778 = LINE('',#1779,#1780);
#1779 = CARTESIAN_POINT('',(6.28318530718,-0.));
#1780 = VECTOR('',#1781,1.);
#1781 = DIRECTION('',(0.,1.));
#1782 = ( GEOMETRIC_REPRESENTATION_CONTEXT(2) 
PARAMETRIC_REPRESENTATION_CONTEXT() REPRESENTATION_CONTEXT('2D SPACE',''
  ) );
#1783 = PCURVE('',#1752,#1784);
#1784 = DEFINITIONAL_REPRESENTATION('',(#1785),#1789);
#1785 = LINE('',#1786,#1787);
#1786 = CARTESIAN_POINT('',(0.,-0.));
#1787 = VECTOR('',#1788,1.);
#1788 = DIRECTION('',(0.,1.));
#1789 = ( GEOMETRIC_REPRESENTATION_CONTEXT(2) 
PARAMETRIC_REPRESENTATION_CONTEXT() REPRESENTATION_CONTEXT('2D SPACE',''
  ) );
#1790 = ORIENTED_EDGE('',*,*,#1791,.T.);
#1791 = EDGE_CURVE('',#1769,#1769,#1792,.T.);
#1792 = SURFACE_CURVE('',#1793,(#1798,#1805),.PCURVE_S1.);
#1793 = CIRCLE('',#1794,4.);
#1794 = AXIS2_PLACEMENT_3D('',#1795,#1796,#1797);
#1795 = CARTESIAN_POINT('',(39.5,27.,3.55));
#1796 = DIRECTION('',(0.,0.,1.));
#1797 = DIRECTION('',(1.,0.,0.));
#1798 = PCURVE('',#1752,#1799);
#1799 = DEFINITIONAL_REPRESENTATION('',(#1800),#1804);
#1800 = LINE('',#1801,#1802);
#1801 = CARTESIAN_POINT('',(0.,0.));
#1802 = VECTOR('',#1803,1.);
#1803 = DIRECTION('',(1.,0.));
#1804 = ( GEOMETRIC_REPRESENTATION_CONTEXT(2) 
PARAMETRIC_REPRESENTATION_CONTEXT() REPRESENTATION_CONTEXT('2D SPACE',''
  ) );
#1805 = PCURVE('',#1806,#1811);
#1806 = PLANE('',#1807);
#1807 = AXIS2_PLACEMENT_3D('',#1808,#1809,#1810);
#1808 = CARTESIAN_POINT('',(39.5,27.,3.55));
#1809 = DIRECTION('',(0.,0.,1.));
#1810 = DIRECTION('',(1.,0.,0.));
#1811 = DEFINITIONAL_REPRESENTATION('',(#1812),#1816);
#1812 = CIRCLE('',#1813,4.);
#1813 = AXIS2_PLACEMENT_2D('',#1814,#1815);
#1814 = CARTESIAN_POINT('',(0.,0.));
#1815 = DIRECTION('',(1.,0.));
#1816 = ( GEOMETRIC_REPRESENTATION_CONTEXT(2) 
PARAMETRIC_REPRESENTATION_CONTEXT() REPRESENTATION_CONTEXT('2D SPACE',''
  ) );
#1817 = ORIENTED_EDGE('',*,*,#1768,.T.);
#1818 = ADVANCED_FACE('',(#1819),#1806,.F.);
#1819 = FACE_BOUND('',#1820,.T.);
#1820 = EDGE_LOOP('',(#1821));
#1821 = ORIENTED_EDGE('',*,*,#1791,.F.);
#1822 = ADVANCED_FACE('',(#1823),#1721,.T.);
#1823 = FACE_BOUND('',#1824,.T.);
#1824 = EDGE_LOOP('',(#1825,#1826,#1849,#1876));
#1825 = ORIENTED_EDGE('',*,*,#1704,.F.);
#1826 = ORIENTED_EDGE('',*,*,#1827,.F.);
#1827 = EDGE_CURVE('',#1828,#1705,#1830,.T.);
#1828 = VERTEX_POINT('',#1829);
#1829 = CARTESIAN_POINT('',(-35.5,27.,3.55));
#1830 = SEAM_CURVE('',#1831,(#1835,#1842),.PCURVE_S1.);
#1831 = LINE('',#1832,#1833);
#1832 = CARTESIAN_POINT('',(-35.5,27.,3.55));
#1833 = VECTOR('',#1834,1.);
#1834 = DIRECTION('',(0.,0.,1.));
#1835 = PCURVE('',#1721,#1836);
#1836 = DEFINITIONAL_REPRESENTATION('',(#1837),#1841);
#1837 = LINE('',#1838,#1839);
#1838 = CARTESIAN_POINT('',(6.28318530718,-0.));
#1839 = VECTOR('',#1840,1.);
#1840 = DIRECTION('',(0.,1.));
#1841 = ( GEOMETRIC_REPRESENTATION_CONTEXT(2) 
PARAMETRIC_REPRESENTATION_CONTEXT() REPRESENTATION_CONTEXT('2D SPACE',''
  ) );
#1842 = PCURVE('',#1721,#1843);
#1843 = DEFINITIONAL_REPRESENTATION('',(#1844),#1848);
#1844 = LINE('',#1845,#1846);
#1845 = CARTESIAN_POINT('',(0.,-0.));
#1846 = VECTOR('',#1847,1.);
#1847 = DIRECTION('',(0.,1.));
#1848 = ( GEOMETRIC_REPRESENTATION_CONTEXT(2) 
PARAMETRIC_REPRESENTATION_CONTEXT() REPRESENTATION_CONTEXT('2D SPACE',''
  ) );
#1849 = ORIENTED_EDGE('',*,*,#1850,.T.);
#1850 = EDGE_CURVE('',#1828,#1828,#1851,.T.);
#1851 = SURFACE_CURVE('',#1852,(#1857,#1864),.PCURVE_S1.);
#1852 = CIRCLE('',#1853,4.);
#1853 = AXIS2_PLACEMENT_3D('',#1854,#1855,#1856);
#1854 = CARTESIAN_POINT('',(-39.5,27.,3.55));
#1855 = DIRECTION('',(0.,0.,1.));
#1856 = DIRECTION('',(1.,0.,0.));
#1857 = PCURVE('',#1721,#1858);
#1858 = DEFINITIONAL_REPRESENTATION('',(#1859),#1863);
#1859 = LINE('',#1860,#1861);
#1860 = CARTESIAN_POINT('',(0.,0.));
#1861 = VECTOR('',#1862,1.);
#1862 = DIRECTION('',(1.,0.));
#1863 = ( GEOMETRIC_REPRESENTATION_CONTEXT(2) 
PARAMETRIC_REPRESENTATION_CONTEXT() REPRESENTATION_CONTEXT('2D SPACE',''
  ) );
#1864 = PCURVE('',#1865,#1870);
#1865 = PLANE('',#1866);
#1866 = AXIS2_PLACEMENT_3D('',#1867,#1868,#1869);
#1867 = CARTESIAN_POINT('',(-39.5,27.,3.55));
#1868 = DIRECTION('',(0.,0.,1.));
#1869 = DIRECTION('',(1.,0.,0.));
#1870 = DEFINITIONAL_REPRESENTATION('',(#1871),#1875);
#1871 = CIRCLE('',#1872,4.);
#1872 = AXIS2_PLACEMENT_2D('',#1873,#1874);
#1873 = CARTESIAN_POINT('',(0.,0.));
#1874 = DIRECTION('',(1.,0.));
#1875 = ( GEOMETRIC_REPRESENTATION_CONTEXT(2) 
PARAMETRIC_REPRESENTATION_CONTEXT() REPRESENTATION_CONTEXT('2D SPACE',''
  ) );
#1876 = ORIENTED_EDGE('',*,*,#1827,.T.);
#1877 = ADVANCED_FACE('',(#1878),#1865,.F.);
#1878 = FACE_BOUND('',#1879,.T.);
#1879 = EDGE_LOOP('',(#1880));
#1880 = ORIENTED_EDGE('',*,*,#1850,.F.);
#1881 = ADVANCED_FACE('',(#1882),#1690,.T.);
#1882 = FACE_BOUND('',#1883,.T.);
#1883 = EDGE_LOOP('',(#1884,#1885,#1908,#1935));
#1884 = ORIENTED_EDGE('',*,*,#1673,.F.);
#1885 = ORIENTED_EDGE('',*,*,#1886,.F.);
#1886 = EDGE_CURVE('',#1887,#1674,#1889,.T.);
#1887 = VERTEX_POINT('',#1888);
#1888 = CARTESIAN_POINT('',(43.5,-27.,3.55));
#1889 = SEAM_CURVE('',#1890,(#1894,#1901),.PCURVE_S1.);
#1890 = LINE('',#1891,#1892);
#1891 = CARTESIAN_POINT('',(43.5,-27.,3.55));
#1892 = VECTOR('',#1893,1.);
#1893 = DIRECTION('',(0.,0.,1.));
#1894 = PCURVE('',#1690,#1895);
#1895 = DEFINITIONAL_REPRESENTATION('',(#1896),#1900);
#1896 = LINE('',#1897,#1898);
#1897 = CARTESIAN_POINT('',(6.28318530718,-0.));
#1898 = VECTOR('',#1899,1.);
#1899 = DIRECTION('',(0.,1.));
#1900 = ( GEOMETRIC_REPRESENTATION_CONTEXT(2) 
PARAMETRIC_REPRESENTATION_CONTEXT() REPRESENTATION_CONTEXT('2D SPACE',''
  ) );
#1901 = PCURVE('',#1690,#1902);
#1902 = DEFINITIONAL_REPRESENTATION('',(#1903),#1907);
#1903 = LINE('',#1904,#1905);
#1904 = CARTESIAN_POINT('',(0.,-0.));
#1905 = VECTOR('',#1906,1.);
#1906 = DIRECTION('',(0.,1.));
#1907 = ( GEOMETRIC_REPRESENTATION_CONTEXT(2) 
PARAMETRIC_REPRESENTATION_CONTEXT() REPRESENTATION_CONTEXT('2D SPACE',''
  ) );
#1908 = ORIENTED_EDGE('',*,*,#1909,.T.);
#1909 = EDGE_CURVE('',#1887,#1887,#1910,.T.);
#1910 = SURFACE_CURVE('',#1911,(#1916,#1923),.PCURVE_S1.);
#1911 = CIRCLE('',#1912,4.);
#1912 = AXIS2_PLACEMENT_3D('',#1913,#1914,#1915);
#1913 = CARTESIAN_POINT('',(39.5,-27.,3.55));
#1914 = DIRECTION('',(0.,0.,1.));
#1915 = DIRECTION('',(1.,0.,0.));
#1916 = PCURVE('',#1690,#1917);
#1917 = DEFINITIONAL_REPRESENTATION('',(#1918),#1922);
#1918 = LINE('',#1919,#1920);
#1919 = CARTESIAN_POINT('',(0.,0.));
#1920 = VECTOR('',#1921,1.);
#1921 = DIRECTION('',(1.,0.));
#1922 = ( GEOMETRIC_REPRESENTATION_CONTEXT(2) 
PARAMETRIC_REPRESENTATION_CONTEXT() REPRESENTATION_CONTEXT('2D SPACE',''
  ) );
#1923 = PCURVE('',#1924,#1929);
#1924 = PLANE('',#1925);
#1925 = AXIS2_PLACEMENT_3D('',#1926,#1927,#1928);
#1926 = CARTESIAN_POINT('',(39.5,-27.,3.55));
#1927 = DIRECTION('',(0.,0.,1.));
#1928 = DIRECTION('',(1.,0.,0.));
#1929 = DEFINITIONAL_REPRESENTATION('',(#1930),#1934);
#1930 = CIRCLE('',#1931,4.);
#1931 = AXIS2_PLACEMENT_2D('',#1932,#1933);
#1932 = CARTESIAN_POINT('',(0.,0.));
#1933 = DIRECTION('',(1.,0.));
#1934 = ( GEOMETRIC_REPRESENTATION_CONTEXT(2) 
PARAMETRIC_REPRESENTATION_CONTEXT() REPRESENTATION_CONTEXT('2D SPACE',''
  ) );
#1935 = ORIENTED_EDGE('',*,*,#1886,.T.);
#1936 = ADVANCED_FACE('',(#1937),#1924,.F.);
#1937 = FACE_BOUND('',#1938,.T.);
#1938 = EDGE_LOOP('',(#1939));
#1939 = ORIENTED_EDGE('',*,*,#1909,.F.);
#1940 = ADVANCED_FACE('',(#1941),#1659,.T.);
#1941 = FACE_BOUND('',#1942,.T.);
#1942 = EDGE_LOOP('',(#1943,#1944,#1967,#1994));
#1943 = ORIENTED_EDGE('',*,*,#1642,.F.);
#1944 = ORIENTED_EDGE('',*,*,#1945,.F.);
#1945 = EDGE_CURVE('',#1946,#1643,#1948,.T.);
#1946 = VERTEX_POINT('',#1947);
#1947 = CARTESIAN_POINT('',(-35.5,-27.,3.55));
#1948 = SEAM_CURVE('',#1949,(#1953,#1960),.PCURVE_S1.);
#1949 = LINE('',#1950,#1951);
#1950 = CARTESIAN_POINT('',(-35.5,-27.,3.55));
#1951 = VECTOR('',#1952,1.);
#1952 = DIRECTION('',(0.,0.,1.));
#1953 = PCURVE('',#1659,#1954);
#1954 = DEFINITIONAL_REPRESENTATION('',(#1955),#1959);
#1955 = LINE('',#1956,#1957);
#1956 = CARTESIAN_POINT('',(6.28318530718,-0.));
#1957 = VECTOR('',#1958,1.);
#1958 = DIRECTION('',(0.,1.));
#1959 = ( GEOMETRIC_REPRESENTATION_CONTEXT(2) 
PARAMETRIC_REPRESENTATION_CONTEXT() REPRESENTATION_CONTEXT('2D SPACE',''
  ) );
#1960 = PCURVE('',#1659,#1961);
#1961 = DEFINITIONAL_REPRESENTATION('',(#1962),#1966);
#1962 = LINE('',#1963,#1964);
#1963 = CARTESIAN_POINT('',(0.,-0.));
#1964 = VECTOR('',#1965,1.);
#1965 = DIRECTION('',(0.,1.));
#1966 = ( GEOMETRIC_REPRESENTATION_CONTEXT(2) 
PARAMETRIC_REPRESENTATION_CONTEXT() REPRESENTATION_CONTEXT('2D SPACE',''
  ) );
#1967 = ORIENTED_EDGE('',*,*,#1968,.T.);
#1968 = EDGE_CURVE('',#1946,#1946,#1969,.T.);
#1969 = SURFACE_CURVE('',#1970,(#1975,#1982),.PCURVE_S1.);
#1970 = CIRCLE('',#1971,4.);
#1971 = AXIS2_PLACEMENT_3D('',#1972,#1973,#1974);
#1972 = CARTESIAN_POINT('',(-39.5,-27.,3.55));
#1973 = DIRECTION('',(0.,0.,1.));
#1974 = DIRECTION('',(1.,0.,0.));
#1975 = PCURVE('',#1659,#1976);
#1976 = DEFINITIONAL_REPRESENTATION('',(#1977),#1981);
#1977 = LINE('',#1978,#1979);
#1978 = CARTESIAN_POINT('',(0.,0.));
#1979 = VECTOR('',#1980,1.);
#1980 = DIRECTION('',(1.,0.));
#1981 = ( GEOMETRIC_REPRESENTATION_CONTEXT(2) 
PARAMETRIC_REPRESENTATION_CONTEXT() REPRESENTATION_CONTEXT('2D SPACE',''
  ) );
#1982 = PCURVE('',#1983,#1988);
#1983 = PLANE('',#1984);
#1984 = AXIS2_PLACEMENT_3D('',#1985,#1986,#1987);
#1985 = CARTESIAN_POINT('',(-39.5,-27.,3.55));
#1986 = DIRECTION('',(0.,0.,1.));
#1987 = DIRECTION('',(1.,0.,0.));
#1988 = DEFINITIONAL_REPRESENTATION('',(#1989),#1993);
#1989 = CIRCLE('',#1990,4.);
#1990 = AXIS2_PLACEMENT_2D('',#1991,#1992);
#1991 = CARTESIAN_POINT('',(0.,0.));
#1992 = DIRECTION('',(1.,0.));
#1993 = ( GEOMETRIC_REPRESENTATION_CONTEXT(2) 
PARAMETRIC_REPRESENTATION_CONTEXT() REPRESENTATION_CONTEXT('2D SPACE',''
  ) );
#1994 = ORIENTED_EDGE('',*,*,#1945,.T.);
#1995 = ADVANCED_FACE('',(#1996),#1983,.F.);
#1996 = FACE_BOUND('',#1997,.T.);
#1997 = EDGE_LOOP('',(#1998));
#1998 = ORIENTED_EDGE('',*,*,#1968,.F.);
#1999 = ADVANCED_FACE('',(#2000),#1543,.F.);
#2000 = FACE_BOUND('',#2001,.F.);
#2001 = EDGE_LOOP('',(#2002,#2027,#2048,#2049));
#2002 = ORIENTED_EDGE('',*,*,#2003,.T.);
#2003 = EDGE_CURVE('',#2004,#2006,#2008,.T.);
#2004 = VERTEX_POINT('',#2005);
#2005 = CARTESIAN_POINT('',(-46.,-35.,6.3));
#2006 = VERTEX_POINT('',#2007);
#2007 = CARTESIAN_POINT('',(46.,-35.,6.3));
#2008 = SURFACE_CURVE('',#2009,(#2013,#2020),.PCURVE_S1.);
#2009 = LINE('',#2010,#2011);
#2010 = CARTESIAN_POINT('',(-47.5,-35.,6.3));
#2011 = VECTOR('',#2012,1.);
#2012 = DIRECTION('',(1.,0.,0.));
#2013 = PCURVE('',#1543,#2014);
#2014 = DEFINITIONAL_REPRESENTATION('',(#2015),#2019);
#2015 = LINE('',#2016,#2017);
#2016 = CARTESIAN_POINT('',(12.6,0.));
#2017 = VECTOR('',#2018,1.);
#2018 = DIRECTION('',(0.,1.));
#2019 = ( GEOMETRIC_REPRESENTATION_CONTEXT(2) 
PARAMETRIC_REPRESENTATION_CONTEXT() REPRESENTATION_CONTEXT('2D SPACE',''
  ) );
#2020 = PCURVE('',#1354,#2021);
#2021 = DEFINITIONAL_REPRESENTATION('',(#2022),#2026);
#2022 = LINE('',#2023,#2024);
#2023 = CARTESIAN_POINT('',(0.,0.));
#2024 = VECTOR('',#2025,1.);
#2025 = DIRECTION('',(1.,0.));
#2026 = ( GEOMETRIC_REPRESENTATION_CONTEXT(2) 
PARAMETRIC_REPRESENTATION_CONTEXT() REPRESENTATION_CONTEXT('2D SPACE',''
  ) );
#2027 = ORIENTED_EDGE('',*,*,#2028,.F.);
#2028 = EDGE_CURVE('',#1529,#2006,#2029,.T.);
#2029 = SURFACE_CURVE('',#2030,(#2034,#2041),.PCURVE_S1.);
#2030 = LINE('',#2031,#2032);
#2031 = CARTESIAN_POINT('',(46.,-35.,4.8));
#2032 = VECTOR('',#2033,1.);
#2033 = DIRECTION('',(0.,0.,1.));
#2034 = PCURVE('',#1543,#2035);
#2035 = DEFINITIONAL_REPRESENTATION('',(#2036),#2040);
#2036 = LINE('',#2037,#2038);
#2037 = CARTESIAN_POINT('',(11.1,93.5));
#2038 = VECTOR('',#2039,1.);
#2039 = DIRECTION('',(1.,0.));
#2040 = ( GEOMETRIC_REPRESENTATION_CONTEXT(2) 
PARAMETRIC_REPRESENTATION_CONTEXT() REPRESENTATION_CONTEXT('2D SPACE',''
  ) );
#2041 = PCURVE('',#1571,#2042);
#2042 = DEFINITIONAL_REPRESENTATION('',(#2043),#2047);
#2043 = LINE('',#2044,#2045);
#2044 = CARTESIAN_POINT('',(0.,0.));
#2045 = VECTOR('',#2046,1.);
#2046 = DIRECTION('',(0.,1.));
#2047 = ( GEOMETRIC_REPRESENTATION_CONTEXT(2) 
PARAMETRIC_REPRESENTATION_CONTEXT() REPRESENTATION_CONTEXT('2D SPACE',''
  ) );
#2048 = ORIENTED_EDGE('',*,*,#1528,.F.);
#2049 = ORIENTED_EDGE('',*,*,#2050,.T.);
#2050 = EDGE_CURVE('',#1505,#2004,#2051,.T.);
#2051 = SURFACE_CURVE('',#2052,(#2056,#2063),.PCURVE_S1.);
#2052 = LINE('',#2053,#2054);
#2053 = CARTESIAN_POINT('',(-46.,-35.,4.8));
#2054 = VECTOR('',#2055,1.);
#2055 = DIRECTION('',(0.,0.,1.));
#2056 = PCURVE('',#1543,#2057);
#2057 = DEFINITIONAL_REPRESENTATION('',(#2058),#2062);
#2058 = LINE('',#2059,#2060);
#2059 = CARTESIAN_POINT('',(11.1,1.5));
#2060 = VECTOR('',#2061,1.);
#2061 = DIRECTION('',(1.,0.));
#2062 = ( GEOMETRIC_REPRESENTATION_CONTEXT(2) 
PARAMETRIC_REPRESENTATION_CONTEXT() REPRESENTATION_CONTEXT('2D SPACE',''
  ) );
#2063 = PCURVE('',#1382,#2064);
#2064 = DEFINITIONAL_REPRESENTATION('',(#2065),#2069);
#2065 = LINE('',#2066,#2067);
#2066 = CARTESIAN_POINT('',(1.570796326795,0.));
#2067 = VECTOR('',#2068,1.);
#2068 = DIRECTION('',(0.,1.));
#2069 = ( GEOMETRIC_REPRESENTATION_CONTEXT(2) 
PARAMETRIC_REPRESENTATION_CONTEXT() REPRESENTATION_CONTEXT('2D SPACE',''
  ) );
#2070 = ADVANCED_FACE('',(#2071),#1571,.T.);
#2071 = FACE_BOUND('',#2072,.T.);
#2072 = EDGE_LOOP('',(#2073,#2074,#2097,#2119));
#2073 = ORIENTED_EDGE('',*,*,#1554,.T.);
#2074 = ORIENTED_EDGE('',*,*,#2075,.T.);
#2075 = EDGE_CURVE('',#1555,#2076,#2078,.T.);
#2076 = VERTEX_POINT('',#2077);
#2077 = CARTESIAN_POINT('',(47.5,-33.5,6.3));
#2078 = SURFACE_CURVE('',#2079,(#2083,#2090),.PCURVE_S1.);
#2079 = LINE('',#2080,#2081);
#2080 = CARTESIAN_POINT('',(47.5,-33.5,4.8));
#2081 = VECTOR('',#2082,1.);
#2082 = DIRECTION('',(0.,0.,1.));
#2083 = PCURVE('',#1571,#2084);
#2084 = DEFINITIONAL_REPRESENTATION('',(#2085),#2089);
#2085 = LINE('',#2086,#2087);
#2086 = CARTESIAN_POINT('',(1.570796326795,0.));
#2087 = VECTOR('',#2088,1.);
#2088 = DIRECTION('',(0.,1.));
#2089 = ( GEOMETRIC_REPRESENTATION_CONTEXT(2) 
PARAMETRIC_REPRESENTATION_CONTEXT() REPRESENTATION_CONTEXT('2D SPACE',''
  ) );
#2090 = PCURVE('',#1598,#2091);
#2091 = DEFINITIONAL_REPRESENTATION('',(#2092),#2096);
#2092 = LINE('',#2093,#2094);
#2093 = CARTESIAN_POINT('',(11.1,-1.5));
#2094 = VECTOR('',#2095,1.);
#2095 = DIRECTION('',(1.,0.));
#2096 = ( GEOMETRIC_REPRESENTATION_CONTEXT(2) 
PARAMETRIC_REPRESENTATION_CONTEXT() REPRESENTATION_CONTEXT('2D SPACE',''
  ) );
#2097 = ORIENTED_EDGE('',*,*,#2098,.F.);
#2098 = EDGE_CURVE('',#2006,#2076,#2099,.T.);
#2099 = SURFACE_CURVE('',#2100,(#2105,#2112),.PCURVE_S1.);
#2100 = CIRCLE('',#2101,1.5);
#2101 = AXIS2_PLACEMENT_3D('',#2102,#2103,#2104);
#2102 = CARTESIAN_POINT('',(46.,-33.5,6.3));
#2103 = DIRECTION('',(0.,0.,1.));
#2104 = DIRECTION('',(0.,-1.,0.));
#2105 = PCURVE('',#1571,#2106);
#2106 = DEFINITIONAL_REPRESENTATION('',(#2107),#2111);
#2107 = LINE('',#2108,#2109);
#2108 = CARTESIAN_POINT('',(0.,1.5));
#2109 = VECTOR('',#2110,1.);
#2110 = DIRECTION('',(1.,0.));
#2111 = ( GEOMETRIC_REPRESENTATION_CONTEXT(2) 
PARAMETRIC_REPRESENTATION_CONTEXT() REPRESENTATION_CONTEXT('2D SPACE',''
  ) );
#2112 = PCURVE('',#1354,#2113);
#2113 = DEFINITIONAL_REPRESENTATION('',(#2114),#2118);
#2114 = CIRCLE('',#2115,1.5);
#2115 = AXIS2_PLACEMENT_2D('',#2116,#2117);
#2116 = CARTESIAN_POINT('',(93.5,1.5));
#2117 = DIRECTION('',(0.,-1.));
#2118 = ( GEOMETRIC_REPRESENTATION_CONTEXT(2) 
PARAMETRIC_REPRESENTATION_CONTEXT() REPRESENTATION_CONTEXT('2D SPACE',''
  ) );
#2119 = ORIENTED_EDGE('',*,*,#2028,.F.);
#2120 = ADVANCED_FACE('',(#2121),#1598,.T.);
#2121 = FACE_BOUND('',#2122,.T.);
#2122 = EDGE_LOOP('',(#2123,#2146,#2147,#2148));
#2123 = ORIENTED_EDGE('',*,*,#2124,.F.);
#2124 = EDGE_CURVE('',#2076,#2125,#2127,.T.);
#2125 = VERTEX_POINT('',#2126);
#2126 = CARTESIAN_POINT('',(47.5,33.5,6.3));
#2127 = SURFACE_CURVE('',#2128,(#2132,#2139),.PCURVE_S1.);
#2128 = LINE('',#2129,#2130);
#2129 = CARTESIAN_POINT('',(47.5,-35.,6.3));
#2130 = VECTOR('',#2131,1.);
#2131 = DIRECTION('',(0.,1.,0.));
#2132 = PCURVE('',#1598,#2133);
#2133 = DEFINITIONAL_REPRESENTATION('',(#2134),#2138);
#2134 = LINE('',#2135,#2136);
#2135 = CARTESIAN_POINT('',(12.6,0.));
#2136 = VECTOR('',#2137,1.);
#2137 = DIRECTION('',(0.,-1.));
#2138 = ( GEOMETRIC_REPRESENTATION_CONTEXT(2) 
PARAMETRIC_REPRESENTATION_CONTEXT() REPRESENTATION_CONTEXT('2D SPACE',''
  ) );
#2139 = PCURVE('',#1354,#2140);
#2140 = DEFINITIONAL_REPRESENTATION('',(#2141),#2145);
#2141 = LINE('',#2142,#2143);
#2142 = CARTESIAN_POINT('',(95.,0.));
#2143 = VECTOR('',#2144,1.);
#2144 = DIRECTION('',(0.,1.));
#2145 = ( GEOMETRIC_REPRESENTATION_CONTEXT(2) 
PARAMETRIC_REPRESENTATION_CONTEXT() REPRESENTATION_CONTEXT('2D SPACE',''
  ) );
#2146 = ORIENTED_EDGE('',*,*,#2075,.F.);
#2147 = ORIENTED_EDGE('',*,*,#1583,.F.);
#2148 = ORIENTED_EDGE('',*,*,#2149,.T.);
#2149 = EDGE_CURVE('',#1584,#2125,#2150,.T.);
#2150 = SURFACE_CURVE('',#2151,(#2155,#2162),.PCURVE_S1.);
#2151 = LINE('',#2152,#2153);
#2152 = CARTESIAN_POINT('',(47.5,33.5,4.8));
#2153 = VECTOR('',#2154,1.);
#2154 = DIRECTION('',(0.,0.,1.));
#2155 = PCURVE('',#1598,#2156);
#2156 = DEFINITIONAL_REPRESENTATION('',(#2157),#2161);
#2157 = LINE('',#2158,#2159);
#2158 = CARTESIAN_POINT('',(11.1,-68.5));
#2159 = VECTOR('',#2160,1.);
#2160 = DIRECTION('',(1.,0.));
#2161 = ( GEOMETRIC_REPRESENTATION_CONTEXT(2) 
PARAMETRIC_REPRESENTATION_CONTEXT() REPRESENTATION_CONTEXT('2D SPACE',''
  ) );
#2162 = PCURVE('',#1628,#2163);
#2163 = DEFINITIONAL_REPRESENTATION('',(#2164),#2168);
#2164 = LINE('',#2165,#2166);
#2165 = CARTESIAN_POINT('',(-1.570796326795,0.));
#2166 = VECTOR('',#2167,1.);
#2167 = DIRECTION('',(-0.,1.));
#2168 = ( GEOMETRIC_REPRESENTATION_CONTEXT(2) 
PARAMETRIC_REPRESENTATION_CONTEXT() REPRESENTATION_CONTEXT('2D SPACE',''
  ) );
#2169 = ADVANCED_FACE('',(#2170),#1628,.T.);
#2170 = FACE_BOUND('',#2171,.F.);
#2171 = EDGE_LOOP('',(#2172,#2173,#2174,#2202));
#2172 = ORIENTED_EDGE('',*,*,#1609,.T.);
#2173 = ORIENTED_EDGE('',*,*,#2149,.T.);
#2174 = ORIENTED_EDGE('',*,*,#2175,.F.);
#2175 = EDGE_CURVE('',#2176,#2125,#2178,.T.);
#2176 = VERTEX_POINT('',#2177);
#2177 = CARTESIAN_POINT('',(46.,35.,6.3));
#2178 = SURFACE_CURVE('',#2179,(#2184,#2191),.PCURVE_S1.);
#2179 = CIRCLE('',#2180,1.5);
#2180 = AXIS2_PLACEMENT_3D('',#2181,#2182,#2183);
#2181 = CARTESIAN_POINT('',(46.,33.5,6.3));
#2182 = DIRECTION('',(-0.,-0.,-1.));
#2183 = DIRECTION('',(0.,-1.,0.));
#2184 = PCURVE('',#1628,#2185);
#2185 = DEFINITIONAL_REPRESENTATION('',(#2186),#2190);
#2186 = LINE('',#2187,#2188);
#2187 = CARTESIAN_POINT('',(3.14159265359,1.5));
#2188 = VECTOR('',#2189,1.);
#2189 = DIRECTION('',(-1.,0.));
#2190 = ( GEOMETRIC_REPRESENTATION_CONTEXT(2) 
PARAMETRIC_REPRESENTATION_CONTEXT() REPRESENTATION_CONTEXT('2D SPACE',''
  ) );
#2191 = PCURVE('',#1354,#2192);
#2192 = DEFINITIONAL_REPRESENTATION('',(#2193),#2201);
#2193 = ( BOUNDED_CURVE() B_SPLINE_CURVE(2,(#2194,#2195,#2196,#2197,
#2198,#2199,#2200),.UNSPECIFIED.,.T.,.F.) B_SPLINE_CURVE_WITH_KNOTS((1,2
    ,2,2,2,1),(-2.094395102393,0.,2.094395102393,4.188790204786,
6.28318530718,8.377580409573),.UNSPECIFIED.) CURVE() 
GEOMETRIC_REPRESENTATION_ITEM() RATIONAL_B_SPLINE_CURVE((1.,0.5,1.,0.5,
1.,0.5,1.)) REPRESENTATION_ITEM('') );
#2194 = CARTESIAN_POINT('',(93.5,67.));
#2195 = CARTESIAN_POINT('',(90.901923788647,67.));
#2196 = CARTESIAN_POINT('',(92.200961894323,69.25));
#2197 = CARTESIAN_POINT('',(93.5,71.5));
#2198 = CARTESIAN_POINT('',(94.799038105677,69.25));
#2199 = CARTESIAN_POINT('',(96.098076211353,67.));
#2200 = CARTESIAN_POINT('',(93.5,67.));
#2201 = ( GEOMETRIC_REPRESENTATION_CONTEXT(2) 
PARAMETRIC_REPRESENTATION_CONTEXT() REPRESENTATION_CONTEXT('2D SPACE',''
  ) );
#2202 = ORIENTED_EDGE('',*,*,#2203,.F.);
#2203 = EDGE_CURVE('',#1452,#2176,#2204,.T.);
#2204 = SURFACE_CURVE('',#2205,(#2209,#2216),.PCURVE_S1.);
#2205 = LINE('',#2206,#2207);
#2206 = CARTESIAN_POINT('',(46.,35.,4.8));
#2207 = VECTOR('',#2208,1.);
#2208 = DIRECTION('',(0.,0.,1.));
#2209 = PCURVE('',#1628,#2210);
#2210 = DEFINITIONAL_REPRESENTATION('',(#2211),#2215);
#2211 = LINE('',#2212,#2213);
#2212 = CARTESIAN_POINT('',(-0.,0.));
#2213 = VECTOR('',#2214,1.);
#2214 = DIRECTION('',(-0.,1.));
#2215 = ( GEOMETRIC_REPRESENTATION_CONTEXT(2) 
PARAMETRIC_REPRESENTATION_CONTEXT() REPRESENTATION_CONTEXT('2D SPACE',''
  ) );
#2216 = PCURVE('',#1466,#2217);
#2217 = DEFINITIONAL_REPRESENTATION('',(#2218),#2222);
#2218 = LINE('',#2219,#2220);
#2219 = CARTESIAN_POINT('',(11.1,93.5));
#2220 = VECTOR('',#2221,1.);
#2221 = DIRECTION('',(1.,0.));
#2222 = ( GEOMETRIC_REPRESENTATION_CONTEXT(2) 
PARAMETRIC_REPRESENTATION_CONTEXT() REPRESENTATION_CONTEXT('2D SPACE',''
  ) );
#2223 = ADVANCED_FACE('',(#2224),#1466,.T.);
#2224 = FACE_BOUND('',#2225,.T.);
#2225 = EDGE_LOOP('',(#2226,#2249,#2250,#2251));
#2226 = ORIENTED_EDGE('',*,*,#2227,.T.);
#2227 = EDGE_CURVE('',#2228,#2176,#2230,.T.);
#2228 = VERTEX_POINT('',#2229);
#2229 = CARTESIAN_POINT('',(-46.,35.,6.3));
#2230 = SURFACE_CURVE('',#2231,(#2235,#2242),.PCURVE_S1.);
#2231 = LINE('',#2232,#2233);
#2232 = CARTESIAN_POINT('',(-47.5,35.,6.3));
#2233 = VECTOR('',#2234,1.);
#2234 = DIRECTION('',(1.,0.,0.));
#2235 = PCURVE('',#1466,#2236);
#2236 = DEFINITIONAL_REPRESENTATION('',(#2237),#2241);
#2237 = LINE('',#2238,#2239);
#2238 = CARTESIAN_POINT('',(12.6,0.));
#2239 = VECTOR('',#2240,1.);
#2240 = DIRECTION('',(0.,1.));
#2241 = ( GEOMETRIC_REPRESENTATION_CONTEXT(2) 
PARAMETRIC_REPRESENTATION_CONTEXT() REPRESENTATION_CONTEXT('2D SPACE',''
  ) );
#2242 = PCURVE('',#1354,#2243);
#2243 = DEFINITIONAL_REPRESENTATION('',(#2244),#2248);
#2244 = LINE('',#2245,#2246);
#2245 = CARTESIAN_POINT('',(0.,70.));
#2246 = VECTOR('',#2247,1.);
#2247 = DIRECTION('',(1.,0.));
#2248 = ( GEOMETRIC_REPRESENTATION_CONTEXT(2) 
PARAMETRIC_REPRESENTATION_CONTEXT() REPRESENTATION_CONTEXT('2D SPACE',''
  ) );
#2249 = ORIENTED_EDGE('',*,*,#2203,.F.);
#2250 = ORIENTED_EDGE('',*,*,#1449,.F.);
#2251 = ORIENTED_EDGE('',*,*,#2252,.T.);
#2252 = EDGE_CURVE('',#1450,#2228,#2253,.T.);
#2253 = SURFACE_CURVE('',#2254,(#2258,#2265),.PCURVE_S1.);
#2254 = LINE('',#2255,#2256);
#2255 = CARTESIAN_POINT('',(-46.,35.,4.8));
#2256 = VECTOR('',#2257,1.);
#2257 = DIRECTION('',(0.,0.,1.));
#2258 = PCURVE('',#1466,#2259);
#2259 = DEFINITIONAL_REPRESENTATION('',(#2260),#2264);
#2260 = LINE('',#2261,#2262);
#2261 = CARTESIAN_POINT('',(11.1,1.5));
#2262 = VECTOR('',#2263,1.);
#2263 = DIRECTION('',(1.,0.));
#2264 = ( GEOMETRIC_REPRESENTATION_CONTEXT(2) 
PARAMETRIC_REPRESENTATION_CONTEXT() REPRESENTATION_CONTEXT('2D SPACE',''
  ) );
#2265 = PCURVE('',#1434,#2266);
#2266 = DEFINITIONAL_REPRESENTATION('',(#2267),#2271);
#2267 = LINE('',#2268,#2269);
#2268 = CARTESIAN_POINT('',(-1.570796326795,0.));
#2269 = VECTOR('',#2270,1.);
#2270 = DIRECTION('',(-0.,1.));
#2271 = ( GEOMETRIC_REPRESENTATION_CONTEXT(2) 
PARAMETRIC_REPRESENTATION_CONTEXT() REPRESENTATION_CONTEXT('2D SPACE',''
  ) );
#2272 = ADVANCED_FACE('',(#2273),#1434,.T.);
#2273 = FACE_BOUND('',#2274,.F.);
#2274 = EDGE_LOOP('',(#2275,#2276,#2277,#2303));
#2275 = ORIENTED_EDGE('',*,*,#1477,.T.);
#2276 = ORIENTED_EDGE('',*,*,#2252,.T.);
#2277 = ORIENTED_EDGE('',*,*,#2278,.F.);
#2278 = EDGE_CURVE('',#1334,#2228,#2279,.T.);
#2279 = SURFACE_CURVE('',#2280,(#2285,#2292),.PCURVE_S1.);
#2280 = CIRCLE('',#2281,1.5);
#2281 = AXIS2_PLACEMENT_3D('',#2282,#2283,#2284);
#2282 = CARTESIAN_POINT('',(-46.,33.5,6.3));
#2283 = DIRECTION('',(-0.,-0.,-1.));
#2284 = DIRECTION('',(0.,-1.,0.));
#2285 = PCURVE('',#1434,#2286);
#2286 = DEFINITIONAL_REPRESENTATION('',(#2287),#2291);
#2287 = LINE('',#2288,#2289);
#2288 = CARTESIAN_POINT('',(1.570796326795,1.5));
#2289 = VECTOR('',#2290,1.);
#2290 = DIRECTION('',(-1.,0.));
#2291 = ( GEOMETRIC_REPRESENTATION_CONTEXT(2) 
PARAMETRIC_REPRESENTATION_CONTEXT() REPRESENTATION_CONTEXT('2D SPACE',''
  ) );
#2292 = PCURVE('',#1354,#2293);
#2293 = DEFINITIONAL_REPRESENTATION('',(#2294),#2302);
#2294 = ( BOUNDED_CURVE() B_SPLINE_CURVE(2,(#2295,#2296,#2297,#2298,
#2299,#2300,#2301),.UNSPECIFIED.,.T.,.F.) B_SPLINE_CURVE_WITH_KNOTS((1,2
    ,2,2,2,1),(-2.094395102393,0.,2.094395102393,4.188790204786,
6.28318530718,8.377580409573),.UNSPECIFIED.) CURVE() 
GEOMETRIC_REPRESENTATION_ITEM() RATIONAL_B_SPLINE_CURVE((1.,0.5,1.,0.5,
1.,0.5,1.)) REPRESENTATION_ITEM('') );
#2295 = CARTESIAN_POINT('',(1.5,67.));
#2296 = CARTESIAN_POINT('',(-1.098076211353,67.));
#2297 = CARTESIAN_POINT('',(0.200961894323,69.25));
#2298 = CARTESIAN_POINT('',(1.5,71.5));
#2299 = CARTESIAN_POINT('',(2.799038105677,69.25));
#2300 = CARTESIAN_POINT('',(4.098076211353,67.));
#2301 = CARTESIAN_POINT('',(1.5,67.));
#2302 = ( GEOMETRIC_REPRESENTATION_CONTEXT(2) 
PARAMETRIC_REPRESENTATION_CONTEXT() REPRESENTATION_CONTEXT('2D SPACE',''
  ) );
#2303 = ORIENTED_EDGE('',*,*,#1420,.F.);
#2304 = ADVANCED_FACE('',(#2305),#1382,.T.);
#2305 = FACE_BOUND('',#2306,.T.);
#2306 = EDGE_LOOP('',(#2307,#2308,#2309,#2331));
#2307 = ORIENTED_EDGE('',*,*,#1504,.T.);
#2308 = ORIENTED_EDGE('',*,*,#2050,.T.);
#2309 = ORIENTED_EDGE('',*,*,#2310,.F.);
#2310 = EDGE_CURVE('',#1332,#2004,#2311,.T.);
#2311 = SURFACE_CURVE('',#2312,(#2317,#2324),.PCURVE_S1.);
#2312 = CIRCLE('',#2313,1.5);
#2313 = AXIS2_PLACEMENT_3D('',#2314,#2315,#2316);
#2314 = CARTESIAN_POINT('',(-46.,-33.5,6.3));
#2315 = DIRECTION('',(0.,0.,1.));
#2316 = DIRECTION('',(0.,-1.,0.));
#2317 = PCURVE('',#1382,#2318);
#2318 = DEFINITIONAL_REPRESENTATION('',(#2319),#2323);
#2319 = LINE('',#2320,#2321);
#2320 = CARTESIAN_POINT('',(-4.712388980385,1.5));
#2321 = VECTOR('',#2322,1.);
#2322 = DIRECTION('',(1.,0.));
#2323 = ( GEOMETRIC_REPRESENTATION_CONTEXT(2) 
PARAMETRIC_REPRESENTATION_CONTEXT() REPRESENTATION_CONTEXT('2D SPACE',''
  ) );
#2324 = PCURVE('',#1354,#2325);
#2325 = DEFINITIONAL_REPRESENTATION('',(#2326),#2330);
#2326 = CIRCLE('',#2327,1.5);
#2327 = AXIS2_PLACEMENT_2D('',#2328,#2329);
#2328 = CARTESIAN_POINT('',(1.5,1.5));
#2329 = DIRECTION('',(0.,-1.));
#2330 = ( GEOMETRIC_REPRESENTATION_CONTEXT(2) 
PARAMETRIC_REPRESENTATION_CONTEXT() REPRESENTATION_CONTEXT('2D SPACE',''
  ) );
#2331 = ORIENTED_EDGE('',*,*,#1366,.F.);
#2332 = ADVANCED_FACE('',(#2333,#2343,#2374,#2405,#2436),#1354,.T.);
#2333 = FACE_BOUND('',#2334,.T.);
#2334 = EDGE_LOOP('',(#2335,#2336,#2337,#2338,#2339,#2340,#2341,#2342));
#2335 = ORIENTED_EDGE('',*,*,#1331,.F.);
#2336 = ORIENTED_EDGE('',*,*,#2310,.T.);
#2337 = ORIENTED_EDGE('',*,*,#2003,.T.);
#2338 = ORIENTED_EDGE('',*,*,#2098,.T.);
#2339 = ORIENTED_EDGE('',*,*,#2124,.T.);
#2340 = ORIENTED_EDGE('',*,*,#2175,.F.);
#2341 = ORIENTED_EDGE('',*,*,#2227,.F.);
#2342 = ORIENTED_EDGE('',*,*,#2278,.F.);
#2343 = FACE_BOUND('',#2344,.T.);
#2344 = EDGE_LOOP('',(#2345));
#2345 = ORIENTED_EDGE('',*,*,#2346,.F.);
#2346 = EDGE_CURVE('',#2347,#2347,#2349,.T.);
#2347 = VERTEX_POINT('',#2348);
#2348 = CARTESIAN_POINT('',(-35.5,-27.,6.3));
#2349 = SURFACE_CURVE('',#2350,(#2355,#2362),.PCURVE_S1.);
#2350 = CIRCLE('',#2351,4.);
#2351 = AXIS2_PLACEMENT_3D('',#2352,#2353,#2354);
#2352 = CARTESIAN_POINT('',(-39.5,-27.,6.3));
#2353 = DIRECTION('',(0.,0.,1.));
#2354 = DIRECTION('',(1.,0.,-0.));
#2355 = PCURVE('',#1354,#2356);
#2356 = DEFINITIONAL_REPRESENTATION('',(#2357),#2361);
#2357 = CIRCLE('',#2358,4.);
#2358 = AXIS2_PLACEMENT_2D('',#2359,#2360);
#2359 = CARTESIAN_POINT('',(8.,8.));
#2360 = DIRECTION('',(1.,0.));
#2361 = ( GEOMETRIC_REPRESENTATION_CONTEXT(2) 
PARAMETRIC_REPRESENTATION_CONTEXT() REPRESENTATION_CONTEXT('2D SPACE',''
  ) );
#2362 = PCURVE('',#2363,#2368);
#2363 = CYLINDRICAL_SURFACE('',#2364,4.);
#2364 = AXIS2_PLACEMENT_3D('',#2365,#2366,#2367);
#2365 = CARTESIAN_POINT('',(-39.5,-27.,3.55));
#2366 = DIRECTION('',(0.,0.,1.));
#2367 = DIRECTION('',(1.,0.,0.));
#2368 = DEFINITIONAL_REPRESENTATION('',(#2369),#2373);
#2369 = LINE('',#2370,#2371);
#2370 = CARTESIAN_POINT('',(0.,2.75));
#2371 = VECTOR('',#2372,1.);
#2372 = DIRECTION('',(1.,0.));
#2373 = ( GEOMETRIC_REPRESENTATION_CONTEXT(2) 
PARAMETRIC_REPRESENTATION_CONTEXT() REPRESENTATION_CONTEXT('2D SPACE',''
  ) );
#2374 = FACE_BOUND('',#2375,.T.);
#2375 = EDGE_LOOP('',(#2376));
#2376 = ORIENTED_EDGE('',*,*,#2377,.F.);
#2377 = EDGE_CURVE('',#2378,#2378,#2380,.T.);
#2378 = VERTEX_POINT('',#2379);
#2379 = CARTESIAN_POINT('',(43.5,-27.,6.3));
#2380 = SURFACE_CURVE('',#2381,(#2386,#2393),.PCURVE_S1.);
#2381 = CIRCLE('',#2382,4.);
#2382 = AXIS2_PLACEMENT_3D('',#2383,#2384,#2385);
#2383 = CARTESIAN_POINT('',(39.5,-27.,6.3));
#2384 = DIRECTION('',(0.,0.,1.));
#2385 = DIRECTION('',(1.,0.,-0.));
#2386 = PCURVE('',#1354,#2387);
#2387 = DEFINITIONAL_REPRESENTATION('',(#2388),#2392);
#2388 = CIRCLE('',#2389,4.);
#2389 = AXIS2_PLACEMENT_2D('',#2390,#2391);
#2390 = CARTESIAN_POINT('',(87.,8.));
#2391 = DIRECTION('',(1.,0.));
#2392 = ( GEOMETRIC_REPRESENTATION_CONTEXT(2) 
PARAMETRIC_REPRESENTATION_CONTEXT() REPRESENTATION_CONTEXT('2D SPACE',''
  ) );
#2393 = PCURVE('',#2394,#2399);
#2394 = CYLINDRICAL_SURFACE('',#2395,4.);
#2395 = AXIS2_PLACEMENT_3D('',#2396,#2397,#2398);
#2396 = CARTESIAN_POINT('',(39.5,-27.,3.55));
#2397 = DIRECTION('',(0.,0.,1.));
#2398 = DIRECTION('',(1.,0.,0.));
#2399 = DEFINITIONAL_REPRESENTATION('',(#2400),#2404);
#2400 = LINE('',#2401,#2402);
#2401 = CARTESIAN_POINT('',(0.,2.75));
#2402 = VECTOR('',#2403,1.);
#2403 = DIRECTION('',(1.,0.));
#2404 = ( GEOMETRIC_REPRESENTATION_CONTEXT(2) 
PARAMETRIC_REPRESENTATION_CONTEXT() REPRESENTATION_CONTEXT('2D SPACE',''
  ) );
#2405 = FACE_BOUND('',#2406,.T.);
#2406 = EDGE_LOOP('',(#2407));
#2407 = ORIENTED_EDGE('',*,*,#2408,.F.);
#2408 = EDGE_CURVE('',#2409,#2409,#2411,.T.);
#2409 = VERTEX_POINT('',#2410);
#2410 = CARTESIAN_POINT('',(-35.5,27.,6.3));
#2411 = SURFACE_CURVE('',#2412,(#2417,#2424),.PCURVE_S1.);
#2412 = CIRCLE('',#2413,4.);
#2413 = AXIS2_PLACEMENT_3D('',#2414,#2415,#2416);
#2414 = CARTESIAN_POINT('',(-39.5,27.,6.3));
#2415 = DIRECTION('',(0.,0.,1.));
#2416 = DIRECTION('',(1.,0.,-0.));
#2417 = PCURVE('',#1354,#2418);
#2418 = DEFINITIONAL_REPRESENTATION('',(#2419),#2423);
#2419 = CIRCLE('',#2420,4.);
#2420 = AXIS2_PLACEMENT_2D('',#2421,#2422);
#2421 = CARTESIAN_POINT('',(8.,62.));
#2422 = DIRECTION('',(1.,0.));
#2423 = ( GEOMETRIC_REPRESENTATION_CONTEXT(2) 
PARAMETRIC_REPRESENTATION_CONTEXT() REPRESENTATION_CONTEXT('2D SPACE',''
  ) );
#2424 = PCURVE('',#2425,#2430);
#2425 = CYLINDRICAL_SURFACE('',#2426,4.);
#2426 = AXIS2_PLACEMENT_3D('',#2427,#2428,#2429);
#2427 = CARTESIAN_POINT('',(-39.5,27.,3.55));
#2428 = DIRECTION('',(0.,0.,1.));
#2429 = DIRECTION('',(1.,0.,0.));
#2430 = DEFINITIONAL_REPRESENTATION('',(#2431),#2435);
#2431 = LINE('',#2432,#2433);
#2432 = CARTESIAN_POINT('',(0.,2.75));
#2433 = VECTOR('',#2434,1.);
#2434 = DIRECTION('',(1.,0.));
#2435 = ( GEOMETRIC_REPRESENTATION_CONTEXT(2) 
PARAMETRIC_REPRESENTATION_CONTEXT() REPRESENTATION_CONTEXT('2D SPACE',''
  ) );
#2436 = FACE_BOUND('',#2437,.T.);
#2437 = EDGE_LOOP('',(#2438));
#2438 = ORIENTED_EDGE('',*,*,#2439,.F.);
#2439 = EDGE_CURVE('',#2440,#2440,#2442,.T.);
#2440 = VERTEX_POINT('',#2441);
#2441 = CARTESIAN_POINT('',(43.5,27.,6.3));
#2442 = SURFACE_CURVE('',#2443,(#2448,#2455),.PCURVE_S1.);
#2443 = CIRCLE('',#2444,4.);
#2444 = AXIS2_PLACEMENT_3D('',#2445,#2446,#2447);
#2445 = CARTESIAN_POINT('',(39.5,27.,6.3));
#2446 = DIRECTION('',(0.,0.,1.));
#2447 = DIRECTION('',(1.,0.,-0.));
#2448 = PCURVE('',#1354,#2449);
#2449 = DEFINITIONAL_REPRESENTATION('',(#2450),#2454);
#2450 = CIRCLE('',#2451,4.);
#2451 = AXIS2_PLACEMENT_2D('',#2452,#2453);
#2452 = CARTESIAN_POINT('',(87.,62.));
#2453 = DIRECTION('',(1.,0.));
#2454 = ( GEOMETRIC_REPRESENTATION_CONTEXT(2) 
PARAMETRIC_REPRESENTATION_CONTEXT() REPRESENTATION_CONTEXT('2D SPACE',''
  ) );
#2455 = PCURVE('',#2456,#2461);
#2456 = CYLINDRICAL_SURFACE('',#2457,4.);
#2457 = AXIS2_PLACEMENT_3D('',#2458,#2459,#2460);
#2458 = CARTESIAN_POINT('',(39.5,27.,3.55));
#2459 = DIRECTION('',(0.,0.,1.));
#2460 = DIRECTION('',(1.,0.,0.));
#2461 = DEFINITIONAL_REPRESENTATION('',(#2462),#2466);
#2462 = LINE('',#2463,#2464);
#2463 = CARTESIAN_POINT('',(0.,2.75));
#2464 = VECTOR('',#2465,1.);
#2465 = DIRECTION('',(1.,0.));
#2466 = ( GEOMETRIC_REPRESENTATION_CONTEXT(2) 
PARAMETRIC_REPRESENTATION_CONTEXT() REPRESENTATION_CONTEXT('2D SPACE',''
  ) );
#2467 = ADVANCED_FACE('',(#2468),#2456,.T.);
#2468 = FACE_BOUND('',#2469,.T.);
#2469 = EDGE_LOOP('',(#2470,#2493,#2520,#2521));
#2470 = ORIENTED_EDGE('',*,*,#2471,.T.);
#2471 = EDGE_CURVE('',#2440,#2472,#2474,.T.);
#2472 = VERTEX_POINT('',#2473);
#2473 = CARTESIAN_POINT('',(43.5,27.,7.05));
#2474 = SEAM_CURVE('',#2475,(#2479,#2486),.PCURVE_S1.);
#2475 = LINE('',#2476,#2477);
#2476 = CARTESIAN_POINT('',(43.5,27.,3.55));
#2477 = VECTOR('',#2478,1.);
#2478 = DIRECTION('',(0.,0.,1.));
#2479 = PCURVE('',#2456,#2480);
#2480 = DEFINITIONAL_REPRESENTATION('',(#2481),#2485);
#2481 = LINE('',#2482,#2483);
#2482 = CARTESIAN_POINT('',(6.28318530718,-0.));
#2483 = VECTOR('',#2484,1.);
#2484 = DIRECTION('',(0.,1.));
#2485 = ( GEOMETRIC_REPRESENTATION_CONTEXT(2) 
PARAMETRIC_REPRESENTATION_CONTEXT() REPRESENTATION_CONTEXT('2D SPACE',''
  ) );
#2486 = PCURVE('',#2456,#2487);
#2487 = DEFINITIONAL_REPRESENTATION('',(#2488),#2492);
#2488 = LINE('',#2489,#2490);
#2489 = CARTESIAN_POINT('',(0.,-0.));
#2490 = VECTOR('',#2491,1.);
#2491 = DIRECTION('',(0.,1.));
#2492 = ( GEOMETRIC_REPRESENTATION_CONTEXT(2) 
PARAMETRIC_REPRESENTATION_CONTEXT() REPRESENTATION_CONTEXT('2D SPACE',''
  ) );
#2493 = ORIENTED_EDGE('',*,*,#2494,.F.);
#2494 = EDGE_CURVE('',#2472,#2472,#2495,.T.);
#2495 = SURFACE_CURVE('',#2496,(#2501,#2508),.PCURVE_S1.);
#2496 = CIRCLE('',#2497,4.);
#2497 = AXIS2_PLACEMENT_3D('',#2498,#2499,#2500);
#2498 = CARTESIAN_POINT('',(39.5,27.,7.05));
#2499 = DIRECTION('',(0.,0.,1.));
#2500 = DIRECTION('',(1.,0.,0.));
#2501 = PCURVE('',#2456,#2502);
#2502 = DEFINITIONAL_REPRESENTATION('',(#2503),#2507);
#2503 = LINE('',#2504,#2505);
#2504 = CARTESIAN_POINT('',(0.,3.5));
#2505 = VECTOR('',#2506,1.);
#2506 = DIRECTION('',(1.,0.));
#2507 = ( GEOMETRIC_REPRESENTATION_CONTEXT(2) 
PARAMETRIC_REPRESENTATION_CONTEXT() REPRESENTATION_CONTEXT('2D SPACE',''
  ) );
#2508 = PCURVE('',#2509,#2514);
#2509 = PLANE('',#2510);
#2510 = AXIS2_PLACEMENT_3D('',#2511,#2512,#2513);
#2511 = CARTESIAN_POINT('',(39.5,27.,7.05));
#2512 = DIRECTION('',(0.,0.,1.));
#2513 = DIRECTION('',(1.,0.,0.));
#2514 = DEFINITIONAL_REPRESENTATION('',(#2515),#2519);
#2515 = CIRCLE('',#2516,4.);
#2516 = AXIS2_PLACEMENT_2D('',#2517,#2518);
#2517 = CARTESIAN_POINT('',(0.,0.));
#2518 = DIRECTION('',(1.,0.));
#2519 = ( GEOMETRIC_REPRESENTATION_CONTEXT(2) 
PARAMETRIC_REPRESENTATION_CONTEXT() REPRESENTATION_CONTEXT('2D SPACE',''
  ) );
#2520 = ORIENTED_EDGE('',*,*,#2471,.F.);
#2521 = ORIENTED_EDGE('',*,*,#2439,.T.);
#2522 = ADVANCED_FACE('',(#2523),#2509,.T.);
#2523 = FACE_BOUND('',#2524,.T.);
#2524 = EDGE_LOOP('',(#2525));
#2525 = ORIENTED_EDGE('',*,*,#2494,.T.);
#2526 = ADVANCED_FACE('',(#2527),#2425,.T.);
#2527 = FACE_BOUND('',#2528,.T.);
#2528 = EDGE_LOOP('',(#2529,#2552,#2579,#2580));
#2529 = ORIENTED_EDGE('',*,*,#2530,.T.);
#2530 = EDGE_CURVE('',#2409,#2531,#2533,.T.);
#2531 = VERTEX_POINT('',#2532);
#2532 = CARTESIAN_POINT('',(-35.5,27.,7.05));
#2533 = SEAM_CURVE('',#2534,(#2538,#2545),.PCURVE_S1.);
#2534 = LINE('',#2535,#2536);
#2535 = CARTESIAN_POINT('',(-35.5,27.,3.55));
#2536 = VECTOR('',#2537,1.);
#2537 = DIRECTION('',(0.,0.,1.));
#2538 = PCURVE('',#2425,#2539);
#2539 = DEFINITIONAL_REPRESENTATION('',(#2540),#2544);
#2540 = LINE('',#2541,#2542);
#2541 = CARTESIAN_POINT('',(6.28318530718,-0.));
#2542 = VECTOR('',#2543,1.);
#2543 = DIRECTION('',(0.,1.));
#2544 = ( GEOMETRIC_REPRESENTATION_CONTEXT(2) 
PARAMETRIC_REPRESENTATION_CONTEXT() REPRESENTATION_CONTEXT('2D SPACE',''
  ) );
#2545 = PCURVE('',#2425,#2546);
#2546 = DEFINITIONAL_REPRESENTATION('',(#2547),#2551);
#2547 = LINE('',#2548,#2549);
#2548 = CARTESIAN_POINT('',(0.,-0.));
#2549 = VECTOR('',#2550,1.);
#2550 = DIRECTION('',(0.,1.));
#2551 = ( GEOMETRIC_REPRESENTATION_CONTEXT(2) 
PARAMETRIC_REPRESENTATION_CONTEXT() REPRESENTATION_CONTEXT('2D SPACE',''
  ) );
#2552 = ORIENTED_EDGE('',*,*,#2553,.F.);
#2553 = EDGE_CURVE('',#2531,#2531,#2554,.T.);
#2554 = SURFACE_CURVE('',#2555,(#2560,#2567),.PCURVE_S1.);
#2555 = CIRCLE('',#2556,4.);
#2556 = AXIS2_PLACEMENT_3D('',#2557,#2558,#2559);
#2557 = CARTESIAN_POINT('',(-39.5,27.,7.05));
#2558 = DIRECTION('',(0.,0.,1.));
#2559 = DIRECTION('',(1.,0.,0.));
#2560 = PCURVE('',#2425,#2561);
#2561 = DEFINITIONAL_REPRESENTATION('',(#2562),#2566);
#2562 = LINE('',#2563,#2564);
#2563 = CARTESIAN_POINT('',(0.,3.5));
#2564 = VECTOR('',#2565,1.);
#2565 = DIRECTION('',(1.,0.));
#2566 = ( GEOMETRIC_REPRESENTATION_CONTEXT(2) 
PARAMETRIC_REPRESENTATION_CONTEXT() REPRESENTATION_CONTEXT('2D SPACE',''
  ) );
#2567 = PCURVE('',#2568,#2573);
#2568 = PLANE('',#2569);
#2569 = AXIS2_PLACEMENT_3D('',#2570,#2571,#2572);
#2570 = CARTESIAN_POINT('',(-39.5,27.,7.05));
#2571 = DIRECTION('',(0.,0.,1.));
#2572 = DIRECTION('',(1.,0.,0.));
#2573 = DEFINITIONAL_REPRESENTATION('',(#2574),#2578);
#2574 = CIRCLE('',#2575,4.);
#2575 = AXIS2_PLACEMENT_2D('',#2576,#2577);
#2576 = CARTESIAN_POINT('',(0.,0.));
#2577 = DIRECTION('',(1.,0.));
#2578 = ( GEOMETRIC_REPRESENTATION_CONTEXT(2) 
PARAMETRIC_REPRESENTATION_CONTEXT() REPRESENTATION_CONTEXT('2D SPACE',''
  ) );
#2579 = ORIENTED_EDGE('',*,*,#2530,.F.);
#2580 = ORIENTED_EDGE('',*,*,#2408,.T.);
#2581 = ADVANCED_FACE('',(#2582),#2568,.T.);
#2582 = FACE_BOUND('',#2583,.T.);
#2583 = EDGE_LOOP('',(#2584));
#2584 = ORIENTED_EDGE('',*,*,#2553,.T.);
#2585 = ADVANCED_FACE('',(#2586),#2394,.T.);
#2586 = FACE_BOUND('',#2587,.T.);
#2587 = EDGE_LOOP('',(#2588,#2611,#2638,#2639));
#2588 = ORIENTED_EDGE('',*,*,#2589,.T.);
#2589 = EDGE_CURVE('',#2378,#2590,#2592,.T.);
#2590 = VERTEX_POINT('',#2591);
#2591 = CARTESIAN_POINT('',(43.5,-27.,7.05));
#2592 = SEAM_CURVE('',#2593,(#2597,#2604),.PCURVE_S1.);
#2593 = LINE('',#2594,#2595);
#2594 = CARTESIAN_POINT('',(43.5,-27.,3.55));
#2595 = VECTOR('',#2596,1.);
#2596 = DIRECTION('',(0.,0.,1.));
#2597 = PCURVE('',#2394,#2598);
#2598 = DEFINITIONAL_REPRESENTATION('',(#2599),#2603);
#2599 = LINE('',#2600,#2601);
#2600 = CARTESIAN_POINT('',(6.28318530718,-0.));
#2601 = VECTOR('',#2602,1.);
#2602 = DIRECTION('',(0.,1.));
#2603 = ( GEOMETRIC_REPRESENTATION_CONTEXT(2) 
PARAMETRIC_REPRESENTATION_CONTEXT() REPRESENTATION_CONTEXT('2D SPACE',''
  ) );
#2604 = PCURVE('',#2394,#2605);
#2605 = DEFINITIONAL_REPRESENTATION('',(#2606),#2610);
#2606 = LINE('',#2607,#2608);
#2607 = CARTESIAN_POINT('',(0.,-0.));
#2608 = VECTOR('',#2609,1.);
#2609 = DIRECTION('',(0.,1.));
#2610 = ( GEOMETRIC_REPRESENTATION_CONTEXT(2) 
PARAMETRIC_REPRESENTATION_CONTEXT() REPRESENTATION_CONTEXT('2D SPACE',''
  ) );
#2611 = ORIENTED_EDGE('',*,*,#2612,.F.);
#2612 = EDGE_CURVE('',#2590,#2590,#2613,.T.);
#2613 = SURFACE_CURVE('',#2614,(#2619,#2626),.PCURVE_S1.);
#2614 = CIRCLE('',#2615,4.);
#2615 = AXIS2_PLACEMENT_3D('',#2616,#2617,#2618);
#2616 = CARTESIAN_POINT('',(39.5,-27.,7.05));
#2617 = DIRECTION('',(0.,0.,1.));
#2618 = DIRECTION('',(1.,0.,0.));
#2619 = PCURVE('',#2394,#2620);
#2620 = DEFINITIONAL_REPRESENTATION('',(#2621),#2625);
#2621 = LINE('',#2622,#2623);
#2622 = CARTESIAN_POINT('',(0.,3.5));
#2623 = VECTOR('',#2624,1.);
#2624 = DIRECTION('',(1.,0.));
#2625 = ( GEOMETRIC_REPRESENTATION_CONTEXT(2) 
PARAMETRIC_REPRESENTATION_CONTEXT() REPRESENTATION_CONTEXT('2D SPACE',''
  ) );
#2626 = PCURVE('',#2627,#2632);
#2627 = PLANE('',#2628);
#2628 = AXIS2_PLACEMENT_3D('',#2629,#2630,#2631);
#2629 = CARTESIAN_POINT('',(39.5,-27.,7.05));
#2630 = DIRECTION('',(0.,0.,1.));
#2631 = DIRECTION('',(1.,0.,0.));
#2632 = DEFINITIONAL_REPRESENTATION('',(#2633),#2637);
#2633 = CIRCLE('',#2634,4.);
#2634 = AXIS2_PLACEMENT_2D('',#2635,#2636);
#2635 = CARTESIAN_POINT('',(0.,0.));
#2636 = DIRECTION('',(1.,0.));
#2637 = ( GEOMETRIC_REPRESENTATION_CONTEXT(2) 
PARAMETRIC_REPRESENTATION_CONTEXT() REPRESENTATION_CONTEXT('2D SPACE',''
  ) );
#2638 = ORIENTED_EDGE('',*,*,#2589,.F.);
#2639 = ORIENTED_EDGE('',*,*,#2377,.T.);
#2640 = ADVANCED_FACE('',(#2641),#2627,.T.);
#2641 = FACE_BOUND('',#2642,.T.);
#2642 = EDGE_LOOP('',(#2643));
#2643 = ORIENTED_EDGE('',*,*,#2612,.T.);
#2644 = ADVANCED_FACE('',(#2645),#2363,.T.);
#2645 = FACE_BOUND('',#2646,.T.);
#2646 = EDGE_LOOP('',(#2647,#2670,#2697,#2698));
#2647 = ORIENTED_EDGE('',*,*,#2648,.T.);
#2648 = EDGE_CURVE('',#2347,#2649,#2651,.T.);
#2649 = VERTEX_POINT('',#2650);
#2650 = CARTESIAN_POINT('',(-35.5,-27.,7.05));
#2651 = SEAM_CURVE('',#2652,(#2656,#2663),.PCURVE_S1.);
#2652 = LINE('',#2653,#2654);
#2653 = CARTESIAN_POINT('',(-35.5,-27.,3.55));
#2654 = VECTOR('',#2655,1.);
#2655 = DIRECTION('',(0.,0.,1.));
#2656 = PCURVE('',#2363,#2657);
#2657 = DEFINITIONAL_REPRESENTATION('',(#2658),#2662);
#2658 = LINE('',#2659,#2660);
#2659 = CARTESIAN_POINT('',(6.28318530718,-0.));
#2660 = VECTOR('',#2661,1.);
#2661 = DIRECTION('',(0.,1.));
#2662 = ( GEOMETRIC_REPRESENTATION_CONTEXT(2) 
PARAMETRIC_REPRESENTATION_CONTEXT() REPRESENTATION_CONTEXT('2D SPACE',''
  ) );
#2663 = PCURVE('',#2363,#2664);
#2664 = DEFINITIONAL_REPRESENTATION('',(#2665),#2669);
#2665 = LINE('',#2666,#2667);
#2666 = CARTESIAN_POINT('',(0.,-0.));
#2667 = VECTOR('',#2668,1.);
#2668 = DIRECTION('',(0.,1.));
#2669 = ( GEOMETRIC_REPRESENTATION_CONTEXT(2) 
PARAMETRIC_REPRESENTATION_CONTEXT() REPRESENTATION_CONTEXT('2D SPACE',''
  ) );
#2670 = ORIENTED_EDGE('',*,*,#2671,.F.);
#2671 = EDGE_CURVE('',#2649,#2649,#2672,.T.);
#2672 = SURFACE_CURVE('',#2673,(#2678,#2685),.PCURVE_S1.);
#2673 = CIRCLE('',#2674,4.);
#2674 = AXIS2_PLACEMENT_3D('',#2675,#2676,#2677);
#2675 = CARTESIAN_POINT('',(-39.5,-27.,7.05));
#2676 = DIRECTION('',(0.,0.,1.));
#2677 = DIRECTION('',(1.,0.,0.));
#2678 = PCURVE('',#2363,#2679);
#2679 = DEFINITIONAL_REPRESENTATION('',(#2680),#2684);
#2680 = LINE('',#2681,#2682);
#2681 = CARTESIAN_POINT('',(0.,3.5));
#2682 = VECTOR('',#2683,1.);
#2683 = DIRECTION('',(1.,0.));
#2684 = ( GEOMETRIC_REPRESENTATION_CONTEXT(2) 
PARAMETRIC_REPRESENTATION_CONTEXT() REPRESENTATION_CONTEXT('2D SPACE',''
  ) );
#2685 = PCURVE('',#2686,#2691);
#2686 = PLANE('',#2687);
#2687 = AXIS2_PLACEMENT_3D('',#2688,#2689,#2690);
#2688 = CARTESIAN_POINT('',(-39.5,-27.,7.05));
#2689 = DIRECTION('',(0.,0.,1.));
#2690 = DIRECTION('',(1.,0.,0.));
#2691 = DEFINITIONAL_REPRESENTATION('',(#2692),#2696);
#2692 = CIRCLE('',#2693,4.);
#2693 = AXIS2_PLACEMENT_2D('',#2694,#2695);
#2694 = CARTESIAN_POINT('',(0.,0.));
#2695 = DIRECTION('',(1.,0.));
#2696 = ( GEOMETRIC_REPRESENTATION_CONTEXT(2) 
PARAMETRIC_REPRESENTATION_CONTEXT() REPRESENTATION_CONTEXT('2D SPACE',''
  ) );
#2697 = ORIENTED_EDGE('',*,*,#2648,.F.);
#2698 = ORIENTED_EDGE('',*,*,#2346,.T.);
#2699 = ADVANCED_FACE('',(#2700),#2686,.T.);
#2700 = FACE_BOUND('',#2701,.T.);
#2701 = EDGE_LOOP('',(#2702));
#2702 = ORIENTED_EDGE('',*,*,#2671,.T.);
#2703 = ( GEOMETRIC_REPRESENTATION_CONTEXT(3) 
GLOBAL_UNCERTAINTY_ASSIGNED_CONTEXT((#2707)) 
GLOBAL_UNIT_ASSIGNED_CONTEXT((#2704,#2705,#2706)) REPRESENTATION_CONTEXT
('Context #1','3D Context with UNIT and UNCERTAINTY') );
#2704 = ( LENGTH_UNIT() NAMED_UNIT(*) SI_UNIT(.MILLI.,.METRE.) );
#2705 = ( NAMED_UNIT(*) PLANE_ANGLE_UNIT() SI_UNIT($,.RADIAN.) );
#2706 = ( NAMED_UNIT(*) SI_UNIT($,.STERADIAN.) SOLID_ANGLE_UNIT() );
#2707 = UNCERTAINTY_MEASURE_WITH_UNIT(LENGTH_MEASURE(1.E-07),#2704,
  'distance_accuracy_value','confusion accuracy');
#2708 = CONTEXT_DEPENDENT_SHAPE_REPRESENTATION(#2709,#2711);
#2709 = ( REPRESENTATION_RELATIONSHIP('','',#1324,#10) 
REPRESENTATION_RELATIONSHIP_WITH_TRANSFORMATION(#2710) 
SHAPE_REPRESENTATION_RELATIONSHIP() );
#2710 = ITEM_DEFINED_TRANSFORMATION('','',#11,#23);
#2711 = PRODUCT_DEFINITION_SHAPE('Placement','Placement of an item',
  #2712);
#2712 = NEXT_ASSEMBLY_USAGE_OCCURRENCE('3','','',#5,#1319,$);
#2713 = PRODUCT_RELATED_PRODUCT_CATEGORY('part',$,(#1321));
#2714 = SHAPE_DEFINITION_REPRESENTATION(#2715,#2721);
#2715 = PRODUCT_DEFINITION_SHAPE('','',#2716);
#2716 = PRODUCT_DEFINITION('design','',#2717,#2720);
#2717 = PRODUCT_DEFINITION_FORMATION('','',#2718);
#2718 = PRODUCT('Open CASCADE STEP translator 7.9 55.4',
  'Open CASCADE STEP translator 7.9 55.4','',(#2719));
#2719 = PRODUCT_CONTEXT('',#2,'mechanical');
#2720 = PRODUCT_DEFINITION_CONTEXT('part definition',#2,'design');
#2721 = ADVANCED_BREP_SHAPE_REPRESENTATION('',(#11,#2722),#3144);
#2722 = MANIFOLD_SOLID_BREP('',#2723);
#2723 = CLOSED_SHELL('',(#2724,#2844,#2920,#2991,#3053,#3107,#3134));
#2724 = ADVANCED_FACE('',(#2725),#2739,.F.);
#2725 = FACE_BOUND('',#2726,.F.);
#2726 = EDGE_LOOP('',(#2727,#2762,#2790,#2818));
#2727 = ORIENTED_EDGE('',*,*,#2728,.F.);
#2728 = EDGE_CURVE('',#2729,#2731,#2733,.T.);
#2729 = VERTEX_POINT('',#2730);
#2730 = CARTESIAN_POINT('',(-6.,-40.,-4.));
#2731 = VERTEX_POINT('',#2732);
#2732 = CARTESIAN_POINT('',(-6.,-40.,4.));
#2733 = SURFACE_CURVE('',#2734,(#2738,#2750),.PCURVE_S1.);
#2734 = LINE('',#2735,#2736);
#2735 = CARTESIAN_POINT('',(-6.,-40.,-4.));
#2736 = VECTOR('',#2737,1.);
#2737 = DIRECTION('',(0.,0.,1.));
#2738 = PCURVE('',#2739,#2744);
#2739 = PLANE('',#2740);
#2740 = AXIS2_PLACEMENT_3D('',#2741,#2742,#2743);
#2741 = CARTESIAN_POINT('',(-6.,-40.,-4.));
#2742 = DIRECTION('',(1.,0.,0.));
#2743 = DIRECTION('',(0.,0.,1.));
#2744 = DEFINITIONAL_REPRESENTATION('',(#2745),#2749);
#2745 = LINE('',#2746,#2747);
#2746 = CARTESIAN_POINT('',(0.,0.));
#2747 = VECTOR('',#2748,1.);
#2748 = DIRECTION('',(1.,0.));
#2749 = ( GEOMETRIC_REPRESENTATION_CONTEXT(2) 
PARAMETRIC_REPRESENTATION_CONTEXT() REPRESENTATION_CONTEXT('2D SPACE',''
  ) );
#2750 = PCURVE('',#2751,#2756);
#2751 = PLANE('',#2752);
#2752 = AXIS2_PLACEMENT_3D('',#2753,#2754,#2755);
#2753 = CARTESIAN_POINT('',(-6.,-40.,-4.));
#2754 = DIRECTION('',(0.,1.,0.));
#2755 = DIRECTION('',(0.,0.,1.));
#2756 = DEFINITIONAL_REPRESENTATION('',(#2757),#2761);
#2757 = LINE('',#2758,#2759);
#2758 = CARTESIAN_POINT('',(0.,0.));
#2759 = VECTOR('',#2760,1.);
#2760 = DIRECTION('',(1.,0.));
#2761 = ( GEOMETRIC_REPRESENTATION_CONTEXT(2) 
PARAMETRIC_REPRESENTATION_CONTEXT() REPRESENTATION_CONTEXT('2D SPACE',''
  ) );
#2762 = ORIENTED_EDGE('',*,*,#2763,.T.);
#2763 = EDGE_CURVE('',#2729,#2764,#2766,.T.);
#2764 = VERTEX_POINT('',#2765);
#2765 = CARTESIAN_POINT('',(-6.,-34.,-4.));
#2766 = SURFACE_CURVE('',#2767,(#2771,#2778),.PCURVE_S1.);
#2767 = LINE('',#2768,#2769);
#2768 = CARTESIAN_POINT('',(-6.,-40.,-4.));
#2769 = VECTOR('',#2770,1.);
#2770 = DIRECTION('',(0.,1.,0.));
#2771 = PCURVE('',#2739,#2772);
#2772 = DEFINITIONAL_REPRESENTATION('',(#2773),#2777);
#2773 = LINE('',#2774,#2775);
#2774 = CARTESIAN_POINT('',(0.,0.));
#2775 = VECTOR('',#2776,1.);
#2776 = DIRECTION('',(0.,-1.));
#2777 = ( GEOMETRIC_REPRESENTATION_CONTEXT(2) 
PARAMETRIC_REPRESENTATION_CONTEXT() REPRESENTATION_CONTEXT('2D SPACE',''
  ) );
#2778 = PCURVE('',#2779,#2784);
#2779 = PLANE('',#2780);
#2780 = AXIS2_PLACEMENT_3D('',#2781,#2782,#2783);
#2781 = CARTESIAN_POINT('',(-6.,-40.,-4.));
#2782 = DIRECTION('',(0.,0.,1.));
#2783 = DIRECTION('',(1.,0.,0.));
#2784 = DEFINITIONAL_REPRESENTATION('',(#2785),#2789);
#2785 = LINE('',#2786,#2787);
#2786 = CARTESIAN_POINT('',(0.,0.));
#2787 = VECTOR('',#2788,1.);
#2788 = DIRECTION('',(0.,1.));
#2789 = ( GEOMETRIC_REPRESENTATION_CONTEXT(2) 
PARAMETRIC_REPRESENTATION_CONTEXT() REPRESENTATION_CONTEXT('2D SPACE',''
  ) );
#2790 = ORIENTED_EDGE('',*,*,#2791,.T.);
#2791 = EDGE_CURVE('',#2764,#2792,#2794,.T.);
#2792 = VERTEX_POINT('',#2793);
#2793 = CARTESIAN_POINT('',(-6.,-34.,4.));
#2794 = SURFACE_CURVE('',#2795,(#2799,#2806),.PCURVE_S1.);
#2795 = LINE('',#2796,#2797);
#2796 = CARTESIAN_POINT('',(-6.,-34.,-4.));
#2797 = VECTOR('',#2798,1.);
#2798 = DIRECTION('',(0.,0.,1.));
#2799 = PCURVE('',#2739,#2800);
#2800 = DEFINITIONAL_REPRESENTATION('',(#2801),#2805);
#2801 = LINE('',#2802,#2803);
#2802 = CARTESIAN_POINT('',(0.,-6.));
#2803 = VECTOR('',#2804,1.);
#2804 = DIRECTION('',(1.,0.));
#2805 = ( GEOMETRIC_REPRESENTATION_CONTEXT(2) 
PARAMETRIC_REPRESENTATION_CONTEXT() REPRESENTATION_CONTEXT('2D SPACE',''
  ) );
#2806 = PCURVE('',#2807,#2812);
#2807 = PLANE('',#2808);
#2808 = AXIS2_PLACEMENT_3D('',#2809,#2810,#2811);
#2809 = CARTESIAN_POINT('',(-6.,-34.,-4.));
#2810 = DIRECTION('',(0.,1.,0.));
#2811 = DIRECTION('',(0.,0.,1.));
#2812 = DEFINITIONAL_REPRESENTATION('',(#2813),#2817);
#2813 = LINE('',#2814,#2815);
#2814 = CARTESIAN_POINT('',(0.,0.));
#2815 = VECTOR('',#2816,1.);
#2816 = DIRECTION('',(1.,0.));
#2817 = ( GEOMETRIC_REPRESENTATION_CONTEXT(2) 
PARAMETRIC_REPRESENTATION_CONTEXT() REPRESENTATION_CONTEXT('2D SPACE',''
  ) );
#2818 = ORIENTED_EDGE('',*,*,#2819,.F.);
#2819 = EDGE_CURVE('',#2731,#2792,#2820,.T.);
#2820 = SURFACE_CURVE('',#2821,(#2825,#2832),.PCURVE_S1.);
#2821 = LINE('',#2822,#2823);
#2822 = CARTESIAN_POINT('',(-6.,-40.,4.));
#2823 = VECTOR('',#2824,1.);
#2824 = DIRECTION('',(0.,1.,0.));
#2825 = PCURVE('',#2739,#2826);
#2826 = DEFINITIONAL_REPRESENTATION('',(#2827),#2831);
#2827 = LINE('',#2828,#2829);
#2828 = CARTESIAN_POINT('',(8.,0.));
#2829 = VECTOR('',#2830,1.);
#2830 = DIRECTION('',(0.,-1.));
#2831 = ( GEOMETRIC_REPRESENTATION_CONTEXT(2) 
PARAMETRIC_REPRESENTATION_CONTEXT() REPRESENTATION_CONTEXT('2D SPACE',''
  ) );
#2832 = PCURVE('',#2833,#2838);
#2833 = PLANE('',#2834);
#2834 = AXIS2_PLACEMENT_3D('',#2835,#2836,#2837);
#2835 = CARTESIAN_POINT('',(-6.,-40.,4.));
#2836 = DIRECTION('',(0.,0.,1.));
#2837 = DIRECTION('',(1.,0.,0.));
#2838 = DEFINITIONAL_REPRESENTATION('',(#2839),#2843);
#2839 = LINE('',#2840,#2841);
#2840 = CARTESIAN_POINT('',(0.,0.));
#2841 = VECTOR('',#2842,1.);
#2842 = DIRECTION('',(0.,1.));
#2843 = ( GEOMETRIC_REPRESENTATION_CONTEXT(2) 
PARAMETRIC_REPRESENTATION_CONTEXT() REPRESENTATION_CONTEXT('2D SPACE',''
  ) );
#2844 = ADVANCED_FACE('',(#2845),#2779,.F.);
#2845 = FACE_BOUND('',#2846,.F.);
#2846 = EDGE_LOOP('',(#2847,#2848,#2871,#2899));
#2847 = ORIENTED_EDGE('',*,*,#2763,.F.);
#2848 = ORIENTED_EDGE('',*,*,#2849,.T.);
#2849 = EDGE_CURVE('',#2729,#2850,#2852,.T.);
#2850 = VERTEX_POINT('',#2851);
#2851 = CARTESIAN_POINT('',(6.,-40.,-4.));
#2852 = SURFACE_CURVE('',#2853,(#2857,#2864),.PCURVE_S1.);
#2853 = LINE('',#2854,#2855);
#2854 = CARTESIAN_POINT('',(-6.,-40.,-4.));
#2855 = VECTOR('',#2856,1.);
#2856 = DIRECTION('',(1.,0.,0.));
#2857 = PCURVE('',#2779,#2858);
#2858 = DEFINITIONAL_REPRESENTATION('',(#2859),#2863);
#2859 = LINE('',#2860,#2861);
#2860 = CARTESIAN_POINT('',(0.,0.));
#2861 = VECTOR('',#2862,1.);
#2862 = DIRECTION('',(1.,0.));
#2863 = ( GEOMETRIC_REPRESENTATION_CONTEXT(2) 
PARAMETRIC_REPRESENTATION_CONTEXT() REPRESENTATION_CONTEXT('2D SPACE',''
  ) );
#2864 = PCURVE('',#2751,#2865);
#2865 = DEFINITIONAL_REPRESENTATION('',(#2866),#2870);
#2866 = LINE('',#2867,#2868);
#2867 = CARTESIAN_POINT('',(0.,0.));
#2868 = VECTOR('',#2869,1.);
#2869 = DIRECTION('',(0.,1.));
#2870 = ( GEOMETRIC_REPRESENTATION_CONTEXT(2) 
PARAMETRIC_REPRESENTATION_CONTEXT() REPRESENTATION_CONTEXT('2D SPACE',''
  ) );
#2871 = ORIENTED_EDGE('',*,*,#2872,.T.);
#2872 = EDGE_CURVE('',#2850,#2873,#2875,.T.);
#2873 = VERTEX_POINT('',#2874);
#2874 = CARTESIAN_POINT('',(6.,-34.,-4.));
#2875 = SURFACE_CURVE('',#2876,(#2880,#2887),.PCURVE_S1.);
#2876 = LINE('',#2877,#2878);
#2877 = CARTESIAN_POINT('',(6.,-40.,-4.));
#2878 = VECTOR('',#2879,1.);
#2879 = DIRECTION('',(0.,1.,0.));
#2880 = PCURVE('',#2779,#2881);
#2881 = DEFINITIONAL_REPRESENTATION('',(#2882),#2886);
#2882 = LINE('',#2883,#2884);
#2883 = CARTESIAN_POINT('',(12.,0.));
#2884 = VECTOR('',#2885,1.);
#2885 = DIRECTION('',(0.,1.));
#2886 = ( GEOMETRIC_REPRESENTATION_CONTEXT(2) 
PARAMETRIC_REPRESENTATION_CONTEXT() REPRESENTATION_CONTEXT('2D SPACE',''
  ) );
#2887 = PCURVE('',#2888,#2893);
#2888 = PLANE('',#2889);
#2889 = AXIS2_PLACEMENT_3D('',#2890,#2891,#2892);
#2890 = CARTESIAN_POINT('',(6.,-40.,-4.));
#2891 = DIRECTION('',(1.,0.,0.));
#2892 = DIRECTION('',(0.,0.,1.));
#2893 = DEFINITIONAL_REPRESENTATION('',(#2894),#2898);
#2894 = LINE('',#2895,#2896);
#2895 = CARTESIAN_POINT('',(0.,0.));
#2896 = VECTOR('',#2897,1.);
#2897 = DIRECTION('',(0.,-1.));
#2898 = ( GEOMETRIC_REPRESENTATION_CONTEXT(2) 
PARAMETRIC_REPRESENTATION_CONTEXT() REPRESENTATION_CONTEXT('2D SPACE',''
  ) );
#2899 = ORIENTED_EDGE('',*,*,#2900,.F.);
#2900 = EDGE_CURVE('',#2764,#2873,#2901,.T.);
#2901 = SURFACE_CURVE('',#2902,(#2906,#2913),.PCURVE_S1.);
#2902 = LINE('',#2903,#2904);
#2903 = CARTESIAN_POINT('',(-6.,-34.,-4.));
#2904 = VECTOR('',#2905,1.);
#2905 = DIRECTION('',(1.,0.,0.));
#2906 = PCURVE('',#2779,#2907);
#2907 = DEFINITIONAL_REPRESENTATION('',(#2908),#2912);
#2908 = LINE('',#2909,#2910);
#2909 = CARTESIAN_POINT('',(0.,6.));
#2910 = VECTOR('',#2911,1.);
#2911 = DIRECTION('',(1.,0.));
#2912 = ( GEOMETRIC_REPRESENTATION_CONTEXT(2) 
PARAMETRIC_REPRESENTATION_CONTEXT() REPRESENTATION_CONTEXT('2D SPACE',''
  ) );
#2913 = PCURVE('',#2807,#2914);
#2914 = DEFINITIONAL_REPRESENTATION('',(#2915),#2919);
#2915 = LINE('',#2916,#2917);
#2916 = CARTESIAN_POINT('',(0.,0.));
#2917 = VECTOR('',#2918,1.);
#2918 = DIRECTION('',(0.,1.));
#2919 = ( GEOMETRIC_REPRESENTATION_CONTEXT(2) 
PARAMETRIC_REPRESENTATION_CONTEXT() REPRESENTATION_CONTEXT('2D SPACE',''
  ) );
#2920 = ADVANCED_FACE('',(#2921),#2888,.T.);
#2921 = FACE_BOUND('',#2922,.T.);
#2922 = EDGE_LOOP('',(#2923,#2946,#2947,#2970));
#2923 = ORIENTED_EDGE('',*,*,#2924,.F.);
#2924 = EDGE_CURVE('',#2850,#2925,#2927,.T.);
#2925 = VERTEX_POINT('',#2926);
#2926 = CARTESIAN_POINT('',(6.,-40.,4.));
#2927 = SURFACE_CURVE('',#2928,(#2932,#2939),.PCURVE_S1.);
#2928 = LINE('',#2929,#2930);
#2929 = CARTESIAN_POINT('',(6.,-40.,-4.));
#2930 = VECTOR('',#2931,1.);
#2931 = DIRECTION('',(0.,0.,1.));
#2932 = PCURVE('',#2888,#2933);
#2933 = DEFINITIONAL_REPRESENTATION('',(#2934),#2938);
#2934 = LINE('',#2935,#2936);
#2935 = CARTESIAN_POINT('',(0.,0.));
#2936 = VECTOR('',#2937,1.);
#2937 = DIRECTION('',(1.,0.));
#2938 = ( GEOMETRIC_REPRESENTATION_CONTEXT(2) 
PARAMETRIC_REPRESENTATION_CONTEXT() REPRESENTATION_CONTEXT('2D SPACE',''
  ) );
#2939 = PCURVE('',#2751,#2940);
#2940 = DEFINITIONAL_REPRESENTATION('',(#2941),#2945);
#2941 = LINE('',#2942,#2943);
#2942 = CARTESIAN_POINT('',(0.,12.));
#2943 = VECTOR('',#2944,1.);
#2944 = DIRECTION('',(1.,0.));
#2945 = ( GEOMETRIC_REPRESENTATION_CONTEXT(2) 
PARAMETRIC_REPRESENTATION_CONTEXT() REPRESENTATION_CONTEXT('2D SPACE',''
  ) );
#2946 = ORIENTED_EDGE('',*,*,#2872,.T.);
#2947 = ORIENTED_EDGE('',*,*,#2948,.T.);
#2948 = EDGE_CURVE('',#2873,#2949,#2951,.T.);
#2949 = VERTEX_POINT('',#2950);
#2950 = CARTESIAN_POINT('',(6.,-34.,4.));
#2951 = SURFACE_CURVE('',#2952,(#2956,#2963),.PCURVE_S1.);
#2952 = LINE('',#2953,#2954);
#2953 = CARTESIAN_POINT('',(6.,-34.,-4.));
#2954 = VECTOR('',#2955,1.);
#2955 = DIRECTION('',(0.,0.,1.));
#2956 = PCURVE('',#2888,#2957);
#2957 = DEFINITIONAL_REPRESENTATION('',(#2958),#2962);
#2958 = LINE('',#2959,#2960);
#2959 = CARTESIAN_POINT('',(0.,-6.));
#2960 = VECTOR('',#2961,1.);
#2961 = DIRECTION('',(1.,0.));
#2962 = ( GEOMETRIC_REPRESENTATION_CONTEXT(2) 
PARAMETRIC_REPRESENTATION_CONTEXT() REPRESENTATION_CONTEXT('2D SPACE',''
  ) );
#2963 = PCURVE('',#2807,#2964);
#2964 = DEFINITIONAL_REPRESENTATION('',(#2965),#2969);
#2965 = LINE('',#2966,#2967);
#2966 = CARTESIAN_POINT('',(0.,12.));
#2967 = VECTOR('',#2968,1.);
#2968 = DIRECTION('',(1.,0.));
#2969 = ( GEOMETRIC_REPRESENTATION_CONTEXT(2) 
PARAMETRIC_REPRESENTATION_CONTEXT() REPRESENTATION_CONTEXT('2D SPACE',''
  ) );
#2970 = ORIENTED_EDGE('',*,*,#2971,.F.);
#2971 = EDGE_CURVE('',#2925,#2949,#2972,.T.);
#2972 = SURFACE_CURVE('',#2973,(#2977,#2984),.PCURVE_S1.);
#2973 = LINE('',#2974,#2975);
#2974 = CARTESIAN_POINT('',(6.,-40.,4.));
#2975 = VECTOR('',#2976,1.);
#2976 = DIRECTION('',(0.,1.,0.));
#2977 = PCURVE('',#2888,#2978);
#2978 = DEFINITIONAL_REPRESENTATION('',(#2979),#2983);
#2979 = LINE('',#2980,#2981);
#2980 = CARTESIAN_POINT('',(8.,0.));
#2981 = VECTOR('',#2982,1.);
#2982 = DIRECTION('',(0.,-1.));
#2983 = ( GEOMETRIC_REPRESENTATION_CONTEXT(2) 
PARAMETRIC_REPRESENTATION_CONTEXT() REPRESENTATION_CONTEXT('2D SPACE',''
  ) );
#2984 = PCURVE('',#2833,#2985);
#2985 = DEFINITIONAL_REPRESENTATION('',(#2986),#2990);
#2986 = LINE('',#2987,#2988);
#2987 = CARTESIAN_POINT('',(12.,0.));
#2988 = VECTOR('',#2989,1.);
#2989 = DIRECTION('',(0.,1.));
#2990 = ( GEOMETRIC_REPRESENTATION_CONTEXT(2) 
PARAMETRIC_REPRESENTATION_CONTEXT() REPRESENTATION_CONTEXT('2D SPACE',''
  ) );
#2991 = ADVANCED_FACE('',(#2992,#3018),#2807,.T.);
#2992 = FACE_BOUND('',#2993,.T.);
#2993 = EDGE_LOOP('',(#2994,#2995,#2996,#3017));
#2994 = ORIENTED_EDGE('',*,*,#2900,.F.);
#2995 = ORIENTED_EDGE('',*,*,#2791,.T.);
#2996 = ORIENTED_EDGE('',*,*,#2997,.T.);
#2997 = EDGE_CURVE('',#2792,#2949,#2998,.T.);
#2998 = SURFACE_CURVE('',#2999,(#3003,#3010),.PCURVE_S1.);
#2999 = LINE('',#3000,#3001);
#3000 = CARTESIAN_POINT('',(-6.,-34.,4.));
#3001 = VECTOR('',#3002,1.);
#3002 = DIRECTION('',(1.,0.,0.));
#3003 = PCURVE('',#2807,#3004);
#3004 = DEFINITIONAL_REPRESENTATION('',(#3005),#3009);
#3005 = LINE('',#3006,#3007);
#3006 = CARTESIAN_POINT('',(8.,0.));
#3007 = VECTOR('',#3008,1.);
#3008 = DIRECTION('',(0.,1.));
#3009 = ( GEOMETRIC_REPRESENTATION_CONTEXT(2) 
PARAMETRIC_REPRESENTATION_CONTEXT() REPRESENTATION_CONTEXT('2D SPACE',''
  ) );
#3010 = PCURVE('',#2833,#3011);
#3011 = DEFINITIONAL_REPRESENTATION('',(#3012),#3016);
#3012 = LINE('',#3013,#3014);
#3013 = CARTESIAN_POINT('',(0.,6.));
#3014 = VECTOR('',#3015,1.);
#3015 = DIRECTION('',(1.,0.));
#3016 = ( GEOMETRIC_REPRESENTATION_CONTEXT(2) 
PARAMETRIC_REPRESENTATION_CONTEXT() REPRESENTATION_CONTEXT('2D SPACE',''
  ) );
#3017 = ORIENTED_EDGE('',*,*,#2948,.F.);
#3018 = FACE_BOUND('',#3019,.T.);
#3019 = EDGE_LOOP('',(#3020));
#3020 = ORIENTED_EDGE('',*,*,#3021,.T.);
#3021 = EDGE_CURVE('',#3022,#3022,#3024,.T.);
#3022 = VERTEX_POINT('',#3023);
#3023 = CARTESIAN_POINT('',(2.,-34.,-8.229256270465E-16));
#3024 = SURFACE_CURVE('',#3025,(#3030,#3041),.PCURVE_S1.);
#3025 = CIRCLE('',#3026,2.);
#3026 = AXIS2_PLACEMENT_3D('',#3027,#3028,#3029);
#3027 = CARTESIAN_POINT('',(0.,-34.,-3.330669073875E-16));
#3028 = DIRECTION('',(0.,-1.,1.110223024625E-16));
#3029 = DIRECTION('',(1.,0.,0.));
#3030 = PCURVE('',#2807,#3031);
#3031 = DEFINITIONAL_REPRESENTATION('',(#3032),#3040);
#3032 = ( BOUNDED_CURVE() B_SPLINE_CURVE(2,(#3033,#3034,#3035,#3036,
#3037,#3038,#3039),.UNSPECIFIED.,.T.,.F.) B_SPLINE_CURVE_WITH_KNOTS((1,2
    ,2,2,2,1),(-2.094395102393,0.,2.094395102393,4.188790204786,
6.28318530718,8.377580409573),.UNSPECIFIED.) CURVE() 
GEOMETRIC_REPRESENTATION_ITEM() RATIONAL_B_SPLINE_CURVE((1.,0.5,1.,0.5,
1.,0.5,1.)) REPRESENTATION_ITEM('') );
#3033 = CARTESIAN_POINT('',(4.,8.));
#3034 = CARTESIAN_POINT('',(7.464101615138,8.));
#3035 = CARTESIAN_POINT('',(5.732050807569,5.));
#3036 = CARTESIAN_POINT('',(4.,2.));
#3037 = CARTESIAN_POINT('',(2.267949192431,5.));
#3038 = CARTESIAN_POINT('',(0.535898384862,8.));
#3039 = CARTESIAN_POINT('',(4.,8.));
#3040 = ( GEOMETRIC_REPRESENTATION_CONTEXT(2) 
PARAMETRIC_REPRESENTATION_CONTEXT() REPRESENTATION_CONTEXT('2D SPACE',''
  ) );
#3041 = PCURVE('',#3042,#3047);
#3042 = CYLINDRICAL_SURFACE('',#3043,2.);
#3043 = AXIS2_PLACEMENT_3D('',#3044,#3045,#3046);
#3044 = CARTESIAN_POINT('',(0.,-33.,-4.440892098501E-16));
#3045 = DIRECTION('',(0.,-1.,1.110223024625E-16));
#3046 = DIRECTION('',(1.,0.,0.));
#3047 = DEFINITIONAL_REPRESENTATION('',(#3048),#3052);
#3048 = LINE('',#3049,#3050);
#3049 = CARTESIAN_POINT('',(0.,1.));
#3050 = VECTOR('',#3051,1.);
#3051 = DIRECTION('',(1.,0.));
#3052 = ( GEOMETRIC_REPRESENTATION_CONTEXT(2) 
PARAMETRIC_REPRESENTATION_CONTEXT() REPRESENTATION_CONTEXT('2D SPACE',''
  ) );
#3053 = ADVANCED_FACE('',(#3054),#3042,.F.);
#3054 = FACE_BOUND('',#3055,.F.);
#3055 = EDGE_LOOP('',(#3056,#3084,#3105,#3106));
#3056 = ORIENTED_EDGE('',*,*,#3057,.F.);
#3057 = EDGE_CURVE('',#3058,#3058,#3060,.T.);
#3058 = VERTEX_POINT('',#3059);
#3059 = CARTESIAN_POINT('',(2.,-40.,-1.567918122714E-16));
#3060 = SURFACE_CURVE('',#3061,(#3066,#3073),.PCURVE_S1.);
#3061 = CIRCLE('',#3062,2.);
#3062 = AXIS2_PLACEMENT_3D('',#3063,#3064,#3065);
#3063 = CARTESIAN_POINT('',(0.,-40.,3.330669073875E-16));
#3064 = DIRECTION('',(0.,-1.,1.110223024625E-16));
#3065 = DIRECTION('',(1.,0.,0.));
#3066 = PCURVE('',#3042,#3067);
#3067 = DEFINITIONAL_REPRESENTATION('',(#3068),#3072);
#3068 = LINE('',#3069,#3070);
#3069 = CARTESIAN_POINT('',(0.,7.));
#3070 = VECTOR('',#3071,1.);
#3071 = DIRECTION('',(1.,0.));
#3072 = ( GEOMETRIC_REPRESENTATION_CONTEXT(2) 
PARAMETRIC_REPRESENTATION_CONTEXT() REPRESENTATION_CONTEXT('2D SPACE',''
  ) );
#3073 = PCURVE('',#2751,#3074);
#3074 = DEFINITIONAL_REPRESENTATION('',(#3075),#3083);
#3075 = ( BOUNDED_CURVE() B_SPLINE_CURVE(2,(#3076,#3077,#3078,#3079,
#3080,#3081,#3082),.UNSPECIFIED.,.T.,.F.) B_SPLINE_CURVE_WITH_KNOTS((1,2
    ,2,2,2,1),(-2.094395102393,0.,2.094395102393,4.188790204786,
6.28318530718,8.377580409573),.UNSPECIFIED.) CURVE() 
GEOMETRIC_REPRESENTATION_ITEM() RATIONAL_B_SPLINE_CURVE((1.,0.5,1.,0.5,
1.,0.5,1.)) REPRESENTATION_ITEM('') );
#3076 = CARTESIAN_POINT('',(4.,8.));
#3077 = CARTESIAN_POINT('',(7.464101615138,8.));
#3078 = CARTESIAN_POINT('',(5.732050807569,5.));
#3079 = CARTESIAN_POINT('',(4.,2.));
#3080 = CARTESIAN_POINT('',(2.267949192431,5.));
#3081 = CARTESIAN_POINT('',(0.535898384862,8.));
#3082 = CARTESIAN_POINT('',(4.,8.));
#3083 = ( GEOMETRIC_REPRESENTATION_CONTEXT(2) 
PARAMETRIC_REPRESENTATION_CONTEXT() REPRESENTATION_CONTEXT('2D SPACE',''
  ) );
#3084 = ORIENTED_EDGE('',*,*,#3085,.F.);
#3085 = EDGE_CURVE('',#3022,#3058,#3086,.T.);
#3086 = SEAM_CURVE('',#3087,(#3091,#3098),.PCURVE_S1.);
#3087 = LINE('',#3088,#3089);
#3088 = CARTESIAN_POINT('',(2.,-33.,-9.33947929509E-16));
#3089 = VECTOR('',#3090,1.);
#3090 = DIRECTION('',(0.,-1.,1.110223024625E-16));
#3091 = PCURVE('',#3042,#3092);
#3092 = DEFINITIONAL_REPRESENTATION('',(#3093),#3097);
#3093 = LINE('',#3094,#3095);
#3094 = CARTESIAN_POINT('',(6.28318530718,-0.));
#3095 = VECTOR('',#3096,1.);
#3096 = DIRECTION('',(0.,1.));
#3097 = ( GEOMETRIC_REPRESENTATION_CONTEXT(2) 
PARAMETRIC_REPRESENTATION_CONTEXT() REPRESENTATION_CONTEXT('2D SPACE',''
  ) );
#3098 = PCURVE('',#3042,#3099);
#3099 = DEFINITIONAL_REPRESENTATION('',(#3100),#3104);
#3100 = LINE('',#3101,#3102);
#3101 = CARTESIAN_POINT('',(0.,-0.));
#3102 = VECTOR('',#3103,1.);
#3103 = DIRECTION('',(0.,1.));
#3104 = ( GEOMETRIC_REPRESENTATION_CONTEXT(2) 
PARAMETRIC_REPRESENTATION_CONTEXT() REPRESENTATION_CONTEXT('2D SPACE',''
  ) );
#3105 = ORIENTED_EDGE('',*,*,#3021,.T.);
#3106 = ORIENTED_EDGE('',*,*,#3085,.T.);
#3107 = ADVANCED_FACE('',(#3108),#2833,.T.);
#3108 = FACE_BOUND('',#3109,.T.);
#3109 = EDGE_LOOP('',(#3110,#3111,#3132,#3133));
#3110 = ORIENTED_EDGE('',*,*,#2819,.F.);
#3111 = ORIENTED_EDGE('',*,*,#3112,.T.);
#3112 = EDGE_CURVE('',#2731,#2925,#3113,.T.);
#3113 = SURFACE_CURVE('',#3114,(#3118,#3125),.PCURVE_S1.);
#3114 = LINE('',#3115,#3116);
#3115 = CARTESIAN_POINT('',(-6.,-40.,4.));
#3116 = VECTOR('',#3117,1.);
#3117 = DIRECTION('',(1.,0.,0.));
#3118 = PCURVE('',#2833,#3119);
#3119 = DEFINITIONAL_REPRESENTATION('',(#3120),#3124);
#3120 = LINE('',#3121,#3122);
#3121 = CARTESIAN_POINT('',(0.,0.));
#3122 = VECTOR('',#3123,1.);
#3123 = DIRECTION('',(1.,0.));
#3124 = ( GEOMETRIC_REPRESENTATION_CONTEXT(2) 
PARAMETRIC_REPRESENTATION_CONTEXT() REPRESENTATION_CONTEXT('2D SPACE',''
  ) );
#3125 = PCURVE('',#2751,#3126);
#3126 = DEFINITIONAL_REPRESENTATION('',(#3127),#3131);
#3127 = LINE('',#3128,#3129);
#3128 = CARTESIAN_POINT('',(8.,0.));
#3129 = VECTOR('',#3130,1.);
#3130 = DIRECTION('',(0.,1.));
#3131 = ( GEOMETRIC_REPRESENTATION_CONTEXT(2) 
PARAMETRIC_REPRESENTATION_CONTEXT() REPRESENTATION_CONTEXT('2D SPACE',''
  ) );
#3132 = ORIENTED_EDGE('',*,*,#2971,.T.);
#3133 = ORIENTED_EDGE('',*,*,#2997,.F.);
#3134 = ADVANCED_FACE('',(#3135,#3141),#2751,.F.);
#3135 = FACE_BOUND('',#3136,.F.);
#3136 = EDGE_LOOP('',(#3137,#3138,#3139,#3140));
#3137 = ORIENTED_EDGE('',*,*,#2849,.F.);
#3138 = ORIENTED_EDGE('',*,*,#2728,.T.);
#3139 = ORIENTED_EDGE('',*,*,#3112,.T.);
#3140 = ORIENTED_EDGE('',*,*,#2924,.F.);
#3141 = FACE_BOUND('',#3142,.F.);
#3142 = EDGE_LOOP('',(#3143));
#3143 = ORIENTED_EDGE('',*,*,#3057,.T.);
#3144 = ( GEOMETRIC_REPRESENTATION_CONTEXT(3) 
GLOBAL_UNCERTAINTY_ASSIGNED_CONTEXT((#3148)) 
GLOBAL_UNIT_ASSIGNED_CONTEXT((#3145,#3146,#3147)) REPRESENTATION_CONTEXT
('Context #1','3D Context with UNIT and UNCERTAINTY') );
#3145 = ( LENGTH_UNIT() NAMED_UNIT(*) SI_UNIT(.MILLI.,.METRE.) );
#3146 = ( NAMED_UNIT(*) PLANE_ANGLE_UNIT() SI_UNIT($,.RADIAN.) );
#3147 = ( NAMED_UNIT(*) SI_UNIT($,.STERADIAN.) SOLID_ANGLE_UNIT() );
#3148 = UNCERTAINTY_MEASURE_WITH_UNIT(LENGTH_MEASURE(1.E-07),#3145,
  'distance_accuracy_value','confusion accuracy');
#3149 = CONTEXT_DEPENDENT_SHAPE_REPRESENTATION(#3150,#3152);
#3150 = ( REPRESENTATION_RELATIONSHIP('','',#2721,#10) 
REPRESENTATION_RELATIONSHIP_WITH_TRANSFORMATION(#3151) 
SHAPE_REPRESENTATION_RELATIONSHIP() );
#3151 = ITEM_DEFINED_TRANSFORMATION('','',#11,#27);
#3152 = PRODUCT_DEFINITION_SHAPE('Placement','Placement of an item',
  #3153);
#3153 = NEXT_ASSEMBLY_USAGE_OCCURRENCE('4','','',#5,#2716,$);
#3154 = PRODUCT_RELATED_PRODUCT_CATEGORY('part',$,(#2718));
ENDSEC;
END-ISO-10303-21;
